,0,1
0,CITY:NL000012,"Zwolle, NL"
1,CITY:SZ000007,"Zurich, SZ"
2,CITY:TU000057,"Zonguldak, TU"
3,CITY:NG000004,"Zinder, NG"
4,CITY:SG000004,"Ziguinchor, SG"
5,CITY:UP000025,"Zhytomyra, UP"
6,CITY:KZ000017,"Zhezkazgan, KZ"
7,CITY:CH000045,"Zhengzhou, CH"
8,CITY:SP000021,"Zaragoza, SP"
9,CITY:UP000024,"Zaporiyhzhya, UP"
10,CITY:TZ000019,"Zanzibar, TZ"
11,CITY:IR000020,"Zanjan, IR"
12,CITY:US390029,"Zanesville, OH US"
13,CITY:LE000004,"Zahle, LE"
14,CITY:IR000019,"Zahedan, IR"
15,CITY:HR000002,"Zagreb, HR"
16,CITY:MX000036,"Zacatecas, MX"
17,CITY:RS000081,"Yuzhno-Sakhalinsk, RS"
18,CITY:US040015,"Yuma, AZ US"
19,CITY:US060048,"Yucca Valley, CA US"
20,CITY:US060047,"Yuba City, CA US"
21,CITY:TU000056,"Yozgat, TU"
22,CITY:US390028,"Youngstown, OH US"
23,CITY:US420024,"York, PA US"
24,CITY:US360031,"Yonkers, NY US"
25,CITY:NI000028,"Yola, NI"
26,CITY:JA000017,"Yokohama, JA"
27,CITY:CH000044,"Yinchuan, CH"
28,CITY:AM000001,"Yerevan, AM"
29,CITY:US280020,"Yazoo City, MS US"
30,CITY:IR000018,"Yazd, IR"
31,CITY:RS000080,"Yaroslavl, RS"
32,CITY:US460009,"Yankton, SD US"
33,CITY:IV000021,"Yamoussoukro, IV"
34,CITY:RS000079,"Yakutsk, RS"
35,CITY:US530025,"Yakima, WA US"
36,CITY:CH000043,"Xining, CH"
37,CITY:CH000042,"Xi'an, CH"
38,CITY:MZ000010,"Xai-Xai, MZ"
39,CITY:CH000041,"Wuhan, CH"
40,CITY:PL000044,"Wroclaw, PL"
41,CITY:US270020,"Worthington, MN US"
42,CITY:US250014,"Worcester, MA US"
43,CITY:US390027,"Wooster, OH US"
44,CITY:US400020,"Woodward, OK US"
45,CITY:KN000010,"Wonsan, KN"
46,CITY:US370023,"Winston-Salem, NC US"
47,CITY:CA000014,"Winnipeg, CA"
48,CITY:US200016,"Winfield, KS US"
49,CITY:WA000002,"Windhoek, WA"
50,CITY:US510018,"Winchester, VA US"
51,CITY:US370022,"Wilmington, NC US"
52,CITY:US270019,"Willmar, MN US"
53,CITY:US380007,"Williston, ND US"
54,CITY:US090011,"Willimantic, CT US"
55,CITY:US420023,"Williamsport, PA US"
56,CITY:NT000001,"Willemstad, NT"
57,CITY:US420022,"Wilkes-Barre, PA US"
58,CITY:GM000024,"Wiesbaden, GM"
59,CITY:US200015,"Wichita, KS US"
60,CITY:US480070,"Wichita Falls, TX US"
61,CITY:US540009,"Wheeling, WV US"
62,CITY:US240010,"Westminster, MD US"
63,CITY:US440003,"Westerly, RI US"
64,CITY:US290024,"West Plains, MO US"
65,CITY:US120043,"West Palm Beach, FL US"
66,CITY:US530024,"Wenatchee, WA US"
67,CITY:NZ000007,"Wellington, NZ"
68,CITY:US130029,"Waycross, GA US"
69,CITY:US480069,"Waxahachie, TX US"
70,CITY:US550014,"Wausau, WI US"
71,CITY:US170030,"Waukegan, IL US"
72,CITY:SU000007,"Wau, SU"
73,CITY:US230005,"Waterville, ME US"
74,CITY:US460008,"Watertown, SD US"
75,CITY:US360030,"Watertown, NY US"
76,CITY:US190020,"Waterloo, IA US"
77,CITY:US090010,"Waterbury, CT US"
78,CITY:US290023,"Washington, MO US"
79,CITY:US000001,"Washington D.C., US"
80,CITY:PL000042,"Warsaw, PL"
81,CITY:US290022,"Warrensburg, MO US"
82,CITY:WA000001,"Walvis Bay, WA"
83,CITY:US530023,"Walla Walla, WA US"
84,CITY:US480068,"Waco, TX US"
85,CITY:GH000010,"Wa, GH"
86,CITY:RS000078,"Vyatka, RS"
87,CITY:RS000077,"Voronezh, RS"
88,CITY:RS000076,"Vorkuta, RS"
89,CITY:RS000075,"Vologda, RS"
90,CITY:RS000074,"Volgograd, RS"
91,CITY:RS000073,"Vladivostok, RS"
92,CITY:RS000072,"Vladimir, RS"
93,CITY:RS000071,"Vladikavkaz, RS"
94,CITY:BO000006,"Vitsyebsk, BO"
95,CITY:SP000020,"Vitoria, SP"
96,CITY:BR000030,"Vitoria, BR"
97,CITY:IN000033,"Vishakhapatnam, IN"
98,CITY:US060046,"Visalia, CA US"
99,CITY:US510017,"Virginia Beach, VA US"
100,CITY:UP000023,"Vinnytsya, UP"
101,CITY:VM000031,"Vinh Long, VM"
102,CITY:US340007,"Vineland, NJ US"
103,CITY:US180014,"Vincennes, IN US"
104,CITY:LH000001,"Vilnius, LH"
105,CITY:CO000024,"Villavicencio, CO"
106,CITY:MX000035,"Villahermosa, MX"
107,CITY:LA000002,"Vientiane, LA"
108,CITY:AU000006,"Vienna, AU"
109,CITY:US130028,"Vidalia, GA US"
110,CITY:US480067,"Victoria, TX US"
111,CITY:CA000013,"Victoria, CA"
112,CITY:US280019,"Vicksburg, MS US"
113,CITY:US480066,"Vernon, TX US"
114,CITY:MX000034,"Veracruz, MX"
115,CITY:SW000013,"Vaxjo, SW"
116,CITY:SW000012,"Vasteras, SW"
117,CITY:BU000003,"Varna, BU"
118,CITY:IN000032,"Varanasi, IN"
119,CITY:US530022,"Vancouver, WA US"
120,CITY:CA000012,"Vancouver, CA"
121,CITY:TU000055,"Van, TU"
122,CITY:US060045,"Vallejo, CA US"
123,CITY:CO000023,"Valledupar, CO"
124,CITY:SP000019,"Valladolid, SP"
125,CITY:VE000019,"Valencia, VE"
126,CITY:SP000018,"Valencia, SP"
127,CITY:US130027,"Valdosta, GA US"
128,CITY:UP000022,"Uzhhorod, UP"
129,CITY:US480065,"Uvalde, TX US"
130,CITY:TH000031,"Uttaradit, TH"
131,CITY:NL000011,"Utrecht, NL"
132,CITY:US360029,"Utica, NY US"
133,CITY:EZ000007,"Usti Nad Labem, EZ"
134,CITY:KZ000016,"Ust'-Kamenogorsk, KZ"
135,CITY:AR000025,"Ushuaia, AR"
136,CITY:TU000054,"Usak, TU"
137,CITY:CH000040,"Urumqi, CH"
138,CITY:UZ000013,"Urgench, UZ"
139,CITY:US390026,"Urbana, OH US"
140,CITY:KZ000015,"Ural'sk, KZ"
141,CITY:SW000011,"Uppsala, SW"
142,CITY:US420021,"Uniontown, PA US"
143,CITY:US470017,"Union City, TN US"
144,CITY:SW000010,"Umea, SW"
145,CITY:RS000070,"Ulan Ude, RS"
146,CITY:MG000002,"Ulaanbaatar, MG"
147,CITY:RS000069,"Ul'yanovsk, RS"
148,CITY:US060044,"Ukiah, CA US"
149,CITY:RS000068,"Ufa, RS"
150,CITY:TH000030,"Udon Thani, TH"
151,CITY:TH000029,"Ubon Ratchathani, TH"
152,CITY:RS000067,"Tyumen, RS"
153,CITY:US480064,"Tyler, TX US"
154,CITY:US160009,"Twin Falls, ID US"
155,CITY:RS000066,"Tver, RS"
156,CITY:VM000029,"Tuy Hoa, VM"
157,CITY:MX000033,"Tuxtla Gutierrez, MX"
158,CITY:US010019,"Tuscaloosa, AL US"
159,CITY:FI000006,"Turku, FI"
160,CITY:TX000003,"Turkmenbashi, TX"
161,CITY:IT000018,"Turin, IT"
162,CITY:US280018,"Tupelo, MS US"
163,CITY:TS000012,"Tunis, TS"
164,CITY:PE000022,"Tumbes, PE"
165,CITY:US400019,"Tulsa, OK US"
166,CITY:RO000037,"Tulcea, RO"
167,CITY:RS000065,"Tula, RS"
168,CITY:US040014,"Tucson, AZ US"
169,CITY:PE000021,"Trujillo, PE"
170,CITY:VM000028,"Truc Giang, VM"
171,CITY:US010018,"Troy, AL US"
172,CITY:NO000007,"Trondheim, NO"
173,CITY:NO000006,"Tromso, NO"
174,CITY:IN000031,"Trivandrum, IN"
175,CITY:LY000006,"Tripoli, LY"
176,CITY:LE000003,"Tripoli, LE"
177,CITY:BL000008,"Trinidad, BL"
178,CITY:CE000005,"Trincomalee, CE"
179,CITY:IT000017,"Trieste, IT"
180,CITY:US340006,"Trenton, NJ US"
181,CITY:IT000016,"Trento, IT"
182,CITY:US260024,"Traverse City, MI US"
183,CITY:TH000028,"Trang, TH"
184,CITY:AS000011,"Townsville, AS"
185,CITY:FR000024,"Toulouse, FR"
186,CITY:US090009,"Torrington, CT US"
187,CITY:CA000011,"Toronto, CA"
188,CITY:US200014,"Topeka, KS US"
189,CITY:RS000064,"Tomsk, RS"
190,CITY:US340005,"Toms River, NJ US"
191,CITY:MX000032,"Toluca, MX"
192,CITY:MA000006,"Toliara, MA"
193,CITY:SP000017,"Toledo, SP"
194,CITY:US390025,"Toledo, OH US"
195,CITY:JA000016,"Tokyo, JA"
196,CITY:TU000052,"Tokat, TU"
197,CITY:MA000005,"Toamasina, MA"
198,CITY:AG000017,"Tlemcen, AG"
199,CITY:MX000031,"Tlaxcala, MX"
200,CITY:US120042,"Titusville, FL US"
201,CITY:AL000005,"Tirana, AL"
202,CITY:RO000036,"Timisoara, RO"
203,CITY:US130026,"Tifton, GA US"
204,CITY:CH000039,"Tianjin, CH"
205,CITY:US130025,"Thomasville, GA US"
206,CITY:SG000003,"Thies, SG"
207,CITY:US220020,"Thibodaux, LA US"
208,CITY:GR000007,"Thessaloniki, GR"
209,CITY:US480063,"The Woodlands, TX US"
210,CITY:NL000010,"The Hague, NL"
211,CITY:VM000026,"Thanh Hoa, VM"
212,CITY:US480062,"Texarkana, TX US"
213,CITY:MZ000009,"Tete, MZ"
214,CITY:US180013,"Terre Haute, IN US"
215,CITY:UP000021,"Ternopil', UP"
216,CITY:UZ000012,"Termez, UZ"
217,CITY:BR000029,"Teresina, BR"
218,CITY:MX000030,"Tepic, MX"
219,CITY:CI000011,"Temuco, CI"
220,CITY:IS000006,"Tel Aviv-Yafo, IS"
221,CITY:TU000051,"Tekirdag, TU"
222,CITY:IR000017,"Tehran, IR"
223,CITY:HO000004,"Tegucigalpa, HO"
224,CITY:UZ000011,"Tashkent, UZ"
225,CITY:SY000009,"Tartus, SY"
226,CITY:BL000007,"Tarija, BL"
227,CITY:RO000034,"Targu Jiu, RO"
228,CITY:ID000023,"Tanjungkarang-Telukbetung, ID"
229,CITY:VM000023,"Tan An, VM"
230,CITY:MX000029,"Tampico, MX"
231,CITY:US120041,"Tampa, FL US"
232,CITY:RS000063,"Tambov, RS"
233,CITY:AG000016,"Tamanrasset, AG"
234,CITY:GH000009,"Tamale, GH"
235,CITY:EN000001,"Tallinn, EN"
236,CITY:US120040,"Tallahassee, FL US"
237,CITY:US010017,"Talladega, AL US"
238,CITY:KZ000014,"Taldykorgan, KZ"
239,CITY:CH000037,"Taiyuan, CH"
240,CITY:NG000003,"Tahoua, NG"
241,CITY:US400018,"Tahlequah, OK US"
242,CITY:KS000010,"Taejon, KS"
243,CITY:KS000009,"Taegu, KS"
244,CITY:UY000007,"Tacuarembo, UY"
245,CITY:US530021,"Tacoma, WA US"
246,CITY:PE000020,"Tacna, PE"
247,CITY:SA000009,"Tabuk, SA"
248,CITY:IR000016,"Tabriz, IR"
249,CITY:TZ000017,"Tabora, TZ"
250,CITY:GG000003,"T'Bilisi, GG"
251,CITY:HU000014,"Szombathely, HU"
252,CITY:HU000011,"Szeged, HU"
253,CITY:PL000037,"Szczecin, PL"
254,CITY:US360028,"Syracuse, NY US"
255,CITY:RS000062,"Syktyvkar, RS"
256,CITY:AS000010,"Sydney, AS"
257,CITY:RS000061,"Sverdlovsk, RS"
258,CITY:FJ000001,"Suva, FJ"
259,CITY:US060043,"Susanville, CA US"
260,CITY:TH000027,"Surat Thani, TH"
261,CITY:ID000022,"Surabaja, ID"
262,CITY:TH000026,"Supham Buri, TH"
263,CITY:GH000008,"Sunyani, GH"
264,CITY:US530020,"Sunnyside, WA US"
265,CITY:UP000020,"Sumy, UP"
266,CITY:US450012,"Sumter, SC US"
267,CITY:US480061,"Sulphur Springs, TX US"
268,CITY:EG000012,"Suez, EG"
269,CITY:BL000006,"Sucre, BL"
270,CITY:RO000032,"Suceava, RO"
271,CITY:GM000023,"Stuttgart, GM"
272,CITY:US260023,"Sturgis, MI US"
273,CITY:US170029,"Streator, IL US"
274,CITY:FR000023,"Strasbourg, FR"
275,CITY:US190019,"Storm Lake, IA US"
276,CITY:US060042,"Stockton, CA US"
277,CITY:SW000009,"Stockholm, SW"
278,CITY:US400017,"Stillwater, OK US"
279,CITY:US390024,"Steubenville, OH US"
280,CITY:US080011,"Sterling, CO US"
281,CITY:US480060,"Stephenville, TX US"
282,CITY:RS000060,"Stavropol, RS"
283,CITY:NO000005,"Stavanger, NO"
284,CITY:US370021,"Statesville, NC US"
285,CITY:US130024,"Statesboro, GA US"
286,CITY:US420020,"State College, PA US"
287,CITY:US090008,"Stamford, CT US"
288,CITY:US120039,"St. Petersburg, FL US"
289,CITY:US420019,"St. Marys, PA US"
290,CITY:US130023,"St. Marys, GA US"
291,CITY:US290021,"St. Louis, MO US"
292,CITY:US290020,"St. Joseph, MO US"
293,CITY:US410017,"St. Helens, OR US"
294,CITY:US490007,"St. George, UT US"
295,CITY:US270018,"St. Cloud, MN US"
296,CITY:US120038,"St. Augustine, FL US"
297,CITY:US290019,"Springfield, MO US"
298,CITY:US250013,"Springfield, MA US"
299,CITY:US170028,"Springfield, IL US"
300,CITY:US120037,"Spring Hill, FL US"
301,CITY:US530019,"Spokane, WA US"
302,CITY:US190018,"Spencer, IA US"
303,CITY:US450011,"Spartanburg, SC US"
304,CITY:JM000003,"Spanish Town, JM"
305,CITY:UK000012,"Southampton, UK"
306,CITY:US180012,"South Bend, IN US"
307,CITY:ES000004,"Sonsonate, ES"
308,CITY:TZ000015,"Songea, TZ"
309,CITY:US210015,"Somerset, KY US"
310,CITY:US060041,"Soledad, CA US"
311,CITY:GG000002,"Sokhumi, GG"
312,CITY:BU000002,"Sofia, BU"
313,CITY:VM000022,"Soc Trang, VM"
314,CITY:RS000059,"Smolensk, RS"
315,CITY:MK000001,"Skopje, MK"
316,CITY:AG000015,"Skikda, AG"
317,CITY:TU000050,"Sivas, TU"
318,CITY:BM000009,"Sittwe, BM"
319,CITY:US460007,"Sioux Falls, SD US"
320,CITY:US190017,"Sioux City, IA US"
321,CITY:KN000009,"Sinuiju, KN"
322,CITY:SN000001,"Singapore, SN"
323,CITY:IN000030,"Simla, IN"
324,CITY:US060040,"Simi Valley, CA US"
325,CITY:UP000019,"Simferopol', UP"
326,CITY:US350011,"Silver City, NM US"
327,CITY:US050020,"Siloam Springs, AR US"
328,CITY:US290018,"Sikeston, MO US"
329,CITY:ML000006,"Sikasso, ML"
330,CITY:TU000049,"Siirt, TU"
331,CITY:US040013,"Sierra Vista, AZ US"
332,CITY:PL000034,"Siedlce, PL"
333,CITY:AG000014,"Sidi-Bel-Abbes, AG"
334,CITY:RO000029,"Sibiu, RO"
335,CITY:KZ000013,"Shymkent, KZ"
336,CITY:US220019,"Shreveport, LA US"
337,CITY:AL000004,"Shkoder, AL"
338,CITY:IR000015,"Shiraz, IR"
339,CITY:JA000015,"Shimonoseki, JA"
340,CITY:IN000029,"Shillong, IN"
341,CITY:CH000033,"Shijiazhuang, CH"
342,CITY:US480059,"Sherman, TX US"
343,CITY:US560007,"Sheridan, WY US"
344,CITY:CH000032,"Shenyang, CH"
345,CITY:US180011,"Shelbyville, IN US"
346,CITY:UK000011,"Sheffield, UK"
347,CITY:US550013,"Sheboygan, WI US"
348,CITY:US400016,"Shawnee, OK US"
349,CITY:AE000006,"Sharjah, AE"
350,CITY:CH000031,"Shanghai, CH"
351,CITY:IR000014,"Shahr-E Kord, IR"
352,CITY:MY000014,"Shah Alam, MY"
353,CITY:TS000009,"Sfax, TS"
354,CITY:US020005,"Seward, AK US"
355,CITY:SP000016,"Seville, SP"
356,CITY:KS000008,"Seoul, KS"
357,CITY:JA000014,"Sendai, JA"
358,CITY:IR000013,"Semnan, IR"
359,CITY:KZ000012,"Semipalatinsk, KZ"
360,CITY:ID000021,"Semarang, ID"
361,CITY:US010016,"Selma, AL US"
362,CITY:GH000007,"Sekondi, GH"
363,CITY:ML000005,"Segou, ML"
364,CITY:US290017,"Sedalia, MO US"
365,CITY:US530018,"Seattle, WA US"
366,CITY:US050019,"Searcy, AR US"
367,CITY:US420018,"Scranton, PA US"
368,CITY:US310012,"Scottsbluff, NE US"
369,CITY:GM000022,"Schwerin, GM"
370,CITY:LA000001,"Savannakhet, LA"
371,CITY:US130022,"Savannah, GA US"
372,CITY:US260022,"Sault Ste. Marie, MI US"
373,CITY:CA000010,"Saskatoon, CA"
374,CITY:KN000008,"Sariwon, KN"
375,CITY:CD000004,"Sarh, CD"
376,CITY:RS000058,"Saratov, RS"
377,CITY:US360027,"Saratoga Springs, NY US"
378,CITY:US120036,"Sarasota, FL US"
379,CITY:RS000057,"Saransk, RS"
380,CITY:BK000001,"Sarajevo, BK"
381,CITY:JA000013,"Sapporo, JA"
382,CITY:BR000028,"Sao Paulo, BR"
383,CITY:BR000027,"Sao Luis, BR"
384,CITY:BR000026,"Santos, BR"
385,CITY:DR000009,"Santo Domingo, DR"
386,CITY:DR000008,"Santiago, DR"
387,CITY:CI000009,"Santiago, CI"
388,CITY:AR000024,"Santiago Del Estero, AR"
389,CITY:SP000015,"Santiago De Compostela, SP"
390,CITY:BR000025,"Santarem, BR"
391,CITY:SP000014,"Santander, SP"
392,CITY:US060039,"Santa Rosa, CA US"
393,CITY:AR000023,"Santa Rosa, AR"
394,CITY:CO000020,"Santa Marta, CO"
395,CITY:US060038,"Santa Maria, CA US"
396,CITY:US350010,"Santa Fe, NM US"
397,CITY:US060037,"Santa Cruz, CA US"
398,CITY:SP000013,"Santa Cruz de Tenerife, SP"
399,CITY:BL000005,"Santa Cruz de La Sierra, BL"
400,CITY:US060036,"Santa Clarita, CA US"
401,CITY:US060035,"Santa Barbara, CA US"
402,CITY:US060034,"Santa Ana, CA US"
403,CITY:US390023,"Sandusky, OH US"
404,CITY:IR000011,"Sanandaj, IR"
405,CITY:ES000002,"San Salvador, ES"
406,CITY:HO000003,"San Pedro Sula, HO"
407,CITY:AR000020,"San Miguel De Tucuman, AR"
408,CITY:US480058,"San Marcos, TX US"
409,CITY:AR000019,"San Luis, AR"
410,CITY:MX000028,"San Luis Potosi, MX"
411,CITY:US060033,"San Luis Obispo, CA US"
412,CITY:RQ000003,"San Juan, RQ"
413,CITY:AR000018,"San Juan, AR"
414,CITY:VE000017,"San Juan De Los Morros, VE"
415,CITY:CS000002,"San Jose, CS"
416,CITY:US060032,"San Jose, CA US"
417,CITY:US060031,"San Francisco, CA US"
418,CITY:VE000015,"San Felipe, VE"
419,CITY:US060030,"San Diego, CA US"
420,CITY:VE000014,"San Cristobal, VE"
421,CITY:VE000013,"San Carlos, VE"
422,CITY:US060029,"San Bernardino, CA US"
423,CITY:US480057,"San Antonio, TX US"
424,CITY:CO000019,"San Andres, CO"
425,CITY:TH000024,"Samut Prakan, TH"
426,CITY:TU000048,"Samsun, TU"
427,CITY:UZ000010,"Samarkand, UZ"
428,CITY:ID000020,"Samarinda, ID"
429,CITY:AU000005,"Salzburg, AU"
430,CITY:BR000024,"Salvador, BR"
431,CITY:UY000006,"Salto, UY"
432,CITY:MX000027,"Saltillo, MX"
433,CITY:AR000017,"Salta, AR"
434,CITY:US490006,"Salt Lake City, UT US"
435,CITY:US370020,"Salisbury, NC US"
436,CITY:US240009,"Salisbury, MD US"
437,CITY:US060028,"Salinas, CA US"
438,CITY:US200013,"Salina, KS US"
439,CITY:US410016,"Salem, OR US"
440,CITY:US390022,"Salem, OH US"
441,CITY:TH000023,"Sakon Nakhon, TH"
442,CITY:TU000047,"Sakarya, TU"
443,CITY:SA000008,"Sakakah, SA"
444,CITY:RE000001,"Saint-Denis, RE"
445,CITY:RS000056,"Saint Petersburg, RS"
446,CITY:US270017,"Saint Paul, MN US"
447,CITY:CA000009,"Saint John, CA"
448,CITY:SZ000006,"Saint Gallen, SZ"
449,CITY:AG000013,"Saida, AG"
450,CITY:US260021,"Saginaw, MI US"
451,CITY:BM000008,"Sagaing, BM"
452,CITY:US060027,"Sacramento, CA US"
453,CITY:GM000021,"Saarbrucken, GM"
454,CITY:RS000055,"Ryazan, RS"
455,CITY:US500003,"Rutland, VT US"
456,CITY:US220018,"Ruston, LA US"
457,CITY:US050018,"Russellville, AR US"
458,CITY:US480056,"Round Rock, TX US"
459,CITY:FR000022,"Rouen, FR"
460,CITY:NL000009,"Rotterdam, NL"
461,CITY:US350009,"Roswell, NM US"
462,CITY:RS000054,"Rostov-on-Don, RS"
463,CITY:US410015,"Roseburg, OR US"
464,CITY:AR000016,"Rosario, AR"
465,CITY:US060026,"Rosamond, CA US"
466,CITY:IT000015,"Rome, IT"
467,CITY:US130021,"Rome, GA US"
468,CITY:US290016,"Rolla, MO US"
469,CITY:US370019,"Rocky Mount, NC US"
470,CITY:AS000009,"Rockhampton, AS"
471,CITY:US170027,"Rockford, IL US"
472,CITY:US560006,"Rock Springs, WY US"
473,CITY:US450010,"Rock Hill, SC US"
474,CITY:US360026,"Rochester, NY US"
475,CITY:US330009,"Rochester, NH US"
476,CITY:US270016,"Rochester, MN US"
477,CITY:US510016,"Roanoke, VA US"
478,CITY:US370018,"Roanoke Rapids, NC US"
479,CITY:TU000046,"Rize, TU"
480,CITY:SA000007,"Riyadh, SA"
481,CITY:UP000018,"Rivne, UP"
482,CITY:US060025,"Riverside, CA US"
483,CITY:UY000005,"Rivera, UY"
484,CITY:US550012,"River Falls, WI US"
485,CITY:CO000018,"Riohacha, CO"
486,CITY:BR000023,"Rio de Janeiro, BR"
487,CITY:US480055,"Rio Grande City, TX US"
488,CITY:AR000015,"Rio Gallegos, AR"
489,CITY:BR000022,"Rio Branco, BR"
490,CITY:RO000026,"Rimnicu Vilcea, RO"
491,CITY:HR000001,"Rijeka, HR"
492,CITY:LG000001,"Riga, LG"
493,CITY:US060024,"Ridgecrest, CA US"
494,CITY:US510015,"Richmond, VA US"
495,CITY:US180010,"Richmond, IN US"
496,CITY:SF000013,"Richards Bay, SF"
497,CITY:IC000001,"Reykjavik, IC"
498,CITY:AR000014,"Resistencia, AR"
499,CITY:US320006,"Reno, NV US"
500,CITY:FR000021,"Rennes, FR"
501,CITY:FR000020,"Reims, FR"
502,CITY:CA000008,"Regina, CA"
503,CITY:US530017,"Redmond, WA US"
504,CITY:US060023,"Redding, CA US"
505,CITY:US060022,"Red Bluff, CA US"
506,CITY:BR000021,"Recife, BR"
507,CITY:US420017,"Reading, PA US"
508,CITY:PK000008,"Rawalpindi, PK"
509,CITY:IR000010,"Rasht, IR"
510,CITY:US460006,"Rapid City, SD US"
511,CITY:BM000007,"Rangoon, BM"
512,CITY:IS000005,"Ramla, IS"
513,CITY:US370017,"Raleigh, NC US"
514,CITY:BG000005,"Rajshahi, BG"
515,CITY:US550011,"Racine, WI US"
516,CITY:MO000007,"Rabat, MO"
517,CITY:TI000004,"Qurghonteppa, TI"
518,CITY:EC000009,"Quito, EC"
519,CITY:US170026,"Quincy, IL US"
520,CITY:CO000017,"Quibdo, CO"
521,CITY:VM000020,"Qui Nhon, VM"
522,CITY:PK000007,"Quetta, PK"
523,CITY:MX000026,"Queretaro, MX"
524,CITY:MZ000008,"Quelimane, MZ"
525,CITY:CA000007,"Quebec, CA"
526,CITY:CH000030,"Qiqihar, CH"
527,CITY:CH000029,"Qingdao, CH"
528,CITY:EG000010,"Qena, EG"
529,CITY:KS000007,"Pusan, KS"
530,CITY:CI000008,"Punta Arenas, CI"
531,CITY:IN000028,"Pune, IN"
532,CITY:US530016,"Pullman, WA US"
533,CITY:CI000007,"Puerto Montt, CI"
534,CITY:CS000001,"Puerto Limon, CS"
535,CITY:VE000012,"Puerto La Cruz, VE"
536,CITY:VE000011,"Puerto Ayacucho, VE"
537,CITY:US080010,"Pueblo, CO US"
538,CITY:MX000025,"Puebla, MX"
539,CITY:PE000018,"Pucallpa, PE"
540,CITY:RS000053,"Pskov, RS"
541,CITY:US490005,"Provo, UT US"
542,CITY:US440002,"Providence, RI US"
543,CITY:SF000012,"Pretoria, SF"
544,CITY:US040012,"Prescott, AZ US"
545,CITY:CV000001,"Praia, CV"
546,CITY:EZ000006,"Prague, EZ"
547,CITY:PL000030,"Poznan, PL"
548,CITY:US360025,"Poughkeepsie, NY US"
549,CITY:GM000020,"Potsdam, GM"
550,CITY:BL000004,"Potosi, BL"
551,CITY:AR000013,"Posadas, AR"
552,CITY:US390021,"Portsmouth, OH US"
553,CITY:US330008,"Portsmouth, NH US"
554,CITY:EC000008,"Portoviejo, EC"
555,CITY:PO000007,"Porto, PO"
556,CITY:BR000020,"Porto Velho, BR"
557,CITY:BR000019,"Porto Alegre, BR"
558,CITY:US410014,"Portland, OR US"
559,CITY:US230004,"Portland, ME US"
560,CITY:SU000006,"Port Sudan, SU"
561,CITY:US120035,"Port St. Lucie, FL US"
562,CITY:PP000002,"Port Moresby, PP"
563,CITY:MP000001,"Port Louis, MP"
564,CITY:US260020,"Port Huron, MI US"
565,CITY:NI000025,"Port Harcourt, NI"
566,CITY:GB000002,"Port Gentil, GB"
567,CITY:SF000011,"Port Elizabeth, SF"
568,CITY:US120034,"Port Charlotte, FL US"
569,CITY:IN000027,"Port Blair, IN"
570,CITY:US480054,"Port Arthur, TX US"
571,CITY:US530015,"Port Angeles, WA US"
572,CITY:US290015,"Poplar Bluff, MO US"
573,CITY:ID000019,"Pontianak, ID"
574,CITY:US260019,"Pontiac, MI US"
575,CITY:US170025,"Pontiac, IL US"
576,CITY:IN000026,"Pondicherry, IN"
577,CITY:RQ000002,"Ponce, RQ"
578,CITY:US400015,"Ponca City, OK US"
579,CITY:US120033,"Pompano Beach, FL US"
580,CITY:UP000017,"Poltava, UP"
581,CITY:FR000019,"Poitiers, FR"
582,CITY:CF000003,"Pointe Noire, CF"
583,CITY:MJ000001,"Podgorica, MJ"
584,CITY:US160008,"Pocatello, ID US"
585,CITY:US340004,"Pleasantville, NJ US"
586,CITY:VM000019,"Play Cu, VM"
587,CITY:US360024,"Plattsburgh, NY US"
588,CITY:US480053,"Plano, TX US"
589,CITY:PE000017,"Piura, PE"
590,CITY:US250012,"Pittsfield, MA US"
591,CITY:US420016,"Pittsburgh, PA US"
592,CITY:US200012,"Pittsburg, KS US"
593,CITY:GR000006,"Piraeus, GR"
594,CITY:US050017,"Pine Bluff, AR US"
595,CITY:MY000012,"Pinang, MY"
596,CITY:SF000010,"Pietersburg (Polokwane), SF"
597,CITY:SF000009,"Pietermaritzburg (Ulundi), SF"
598,CITY:US460005,"Pierre, SD US"
599,CITY:US280017,"Picayune, MS US"
600,CITY:TH000021,"Phuket, TH"
601,CITY:US040011,"Phoenix, AZ US"
602,CITY:CB000004,"Phnom Penh, CB"
603,CITY:TH000019,"Phitsanulok, TH"
604,CITY:US420015,"Philadelphia, PA US"
605,CITY:TH000018,"Phetchabun, TH"
606,CITY:VM000017,"Phan Thiet, VM"
607,CITY:RS000052,"Petrozavodsk, RS"
608,CITY:KZ000011,"Petropavlovsk, KZ"
609,CITY:RS000051,"Petropavloski-Kamchatskiy, RS"
610,CITY:PK000006,"Peshawar, PK"
611,CITY:AS000008,"Perth, AS"
612,CITY:RS000050,"Perm', RS"
613,CITY:CO000016,"Pereira, CO"
614,CITY:US170024,"Peoria, IL US"
615,CITY:RS000049,"Penza, RS"
616,CITY:US120032,"Pensacola, FL US"
617,CITY:US410013,"Pendleton, OR US"
618,CITY:MZ000007,"Pemba, MZ"
619,CITY:HU000010,"Pecs, HU"
620,CITY:US130020,"Peachtree City, GA US"
621,CITY:US040010,"Payson, AZ US"
622,CITY:UY000004,"Paysandu, UY"
623,CITY:KZ000010,"Pavlodar, KZ"
624,CITY:IN000025,"Patna, IN"
625,CITY:CO000015,"Pasto, CO"
626,CITY:US540008,"Parkersburg, WV US"
627,CITY:US480052,"Paris, TX US"
628,CITY:FR000018,"Paris, FR"
629,CITY:AR000012,"Parana, AR"
630,CITY:BN000005,"Parakou, BN"
631,CITY:US050016,"Paragould, AR US"
632,CITY:PM000003,"Panama, PM"
633,CITY:US120031,"Panama City, FL US"
634,CITY:IN000024,"Panaji, IN"
635,CITY:SP000012,"Pamplona, SP"
636,CITY:ID000018,"Palu, ID"
637,CITY:BR000018,"Palmas, BR"
638,CITY:SP000011,"Palma De Mallorca, SP"
639,CITY:US060021,"Palm Springs, CA US"
640,CITY:US120030,"Palm Coast, FL US"
641,CITY:US480051,"Palestine, TX US"
642,CITY:IT000012,"Palermo, IT"
643,CITY:ID000017,"Palembang, ID"
644,CITY:US120029,"Palatka, FL US"
645,CITY:US320005,"Pahrump, NV US"
646,CITY:US210014,"Paducah, KY US"
647,CITY:ID000016,"Padang, ID"
648,CITY:MX000024,"Pachuca, MX"
649,CITY:KN000007,"P'yongyang, KN"
650,CITY:US060020,"Oxnard, CA US"
651,CITY:US280016,"Oxford, MS US"
652,CITY:US260018,"Owosso, MI US"
653,CITY:US210013,"Owensboro, KY US"
654,CITY:US270015,"Owatonna, MN US"
655,CITY:SP000010,"Oviedo, SP"
656,CITY:AG000012,"Oum el Bouaghi, AG"
657,CITY:FI000005,"Oulu, FI"
658,CITY:MO000006,"Oujda, MO"
659,CITY:UV000005,"Ouahigouya, UV"
660,CITY:UV000004,"Ouagadougou, UV"
661,CITY:US190016,"Ottumwa, IA US"
662,CITY:US170023,"Ottawa, IL US"
663,CITY:CA000006,"Ottawa, CA"
664,CITY:US360023,"Oswego, NY US"
665,CITY:EZ000004,"Ostrava, EZ"
666,CITY:NO000004,"Oslo, NO"
667,CITY:US190015,"Oskaloosa, IA US"
668,CITY:US550010,"Oshkosh, WI US"
669,CITY:KG000003,"Osh, KG"
670,CITY:JA000012,"Osaka, JA"
671,CITY:BL000003,"Oruro, BL"
672,CITY:FR000017,"Orleans, FR"
673,CITY:US120028,"Orlando, FL US"
674,CITY:RS000048,"Orenburg, RS"
675,CITY:RS000047,"Orel, RS"
676,CITY:SW000008,"Orebro, SW"
677,CITY:US450009,"Orangeburg, SC US"
678,CITY:AG000011,"Oran, AG"
679,CITY:US220017,"Opelousas, LA US"
680,CITY:US410012,"Ontario, OR US"
681,CITY:US360022,"Oneonta, NY US"
682,CITY:RS000046,"Omsk, RS"
683,CITY:SU000005,"Omdurman, SU"
684,CITY:US310011,"Omaha, NE US"
685,CITY:US530014,"Olympia, WA US"
686,CITY:US400014,"Okmulgee, OK US"
687,CITY:US400013,"Oklahoma City, OK US"
688,CITY:US360021,"Ogdensburg, NY US"
689,CITY:US490004,"Ogden, UT US"
690,CITY:US480050,"Odessa, TX US"
691,CITY:UP000016,"Odesa, UP"
692,CITY:US060019,"Oceanside, CA US"
693,CITY:US240008,"Ocean Pines, MD US"
694,CITY:US120027,"Ocala, FL US"
695,CITY:MX000023,"Oaxaca, MX"
696,CITY:US060018,"Oakland, CA US"
697,CITY:US530013,"Oak Harbor, WA US"
698,CITY:GV000004,"Nzerekore, GV"
699,CITY:UZ000009,"Nukus, UZ"
700,CITY:ES000001,"Nueva San Salvador, ES"
701,CITY:RS000045,"Novosibirsk, RS"
702,CITY:RS000044,"Novokuznetsk, RS"
703,CITY:RS000043,"Novgorod, RS"
704,CITY:MR000002,"Nouakchott, MR"
705,CITY:MR000001,"Nouadhibou, MR"
706,CITY:US090007,"Norwich, CT US"
707,CITY:US090006,"Norwalk, CT US"
708,CITY:US250011,"Northampton, MA US"
709,CITY:US310010,"North Platte, NE US"
710,CITY:US250010,"North Adams, MA US"
711,CITY:US510014,"Norfolk, VA US"
712,CITY:US310009,"Norfolk, NE US"
713,CITY:TH000017,"Nong Khai, TH"
714,CITY:US020004,"Nome, AK US"
715,CITY:US040009,"Nogales, AZ US"
716,CITY:BR000017,"Niteroi, BR"
717,CITY:TU000044,"Nigde, TU"
718,CITY:CY000002,"Nicosia, CY"
719,CITY:NG000002,"Niamey, NG"
720,CITY:US360020,"Niagara Falls, NY US"
721,CITY:VM000016,"Nha Trang, VM"
722,CITY:CM000008,"Ngaoundere, CM"
723,CITY:US440001,"Newport, RI US"
724,CITY:US510013,"Newport News, VA US"
725,CITY:AS000007,"Newcastle, AS"
726,CITY:US390020,"Newark, OH US"
727,CITY:US340003,"Newark, NJ US"
728,CITY:US100002,"Newark, DE US"
729,CITY:US360019,"New York, NY US"
730,CITY:US270014,"New Ulm, MN US"
731,CITY:US390019,"New Philadelphia, OH US"
732,CITY:US220016,"New Orleans, LA US"
733,CITY:US090005,"New London, CT US"
734,CITY:US220015,"New Iberia, LA US"
735,CITY:US090004,"New Haven, CT US"
736,CITY:IN000023,"New Delhi, IN"
737,CITY:US360018,"New City, NY US"
738,CITY:US480049,"New Braunfels, TX US"
739,CITY:US370016,"New Bern, NC US"
740,CITY:US250009,"New Bedford, MA US"
741,CITY:TU000043,"Nevsehir, TU"
742,CITY:AR000011,"Neuquen, AR"
743,CITY:SF000008,"Nelspruit, SF"
744,CITY:CO000014,"Neiva, CO"
745,CITY:ZA000007,"Ndola, ZA"
746,CITY:CD000003,"Ndjamena, CD"
747,CITY:RS000041,"Nazran, RS"
748,CITY:AJ000002,"Naxcivian, AJ"
749,CITY:UZ000008,"Navoi, UZ"
750,CITY:BN000004,"Natitingou, BN"
751,CITY:US220014,"Natchitoches, LA US"
752,CITY:US280015,"Natchez, MS US"
753,CITY:BR000016,"Natal, BR"
754,CITY:BF000001,"Nassau, BF"
755,CITY:US470016,"Nashville, TN US"
756,CITY:US330007,"Nashua, NH US"
757,CITY:IT000011,"Naples, IT"
758,CITY:US120026,"Naples, FL US"
759,CITY:US170022,"Naperville, IL US"
760,CITY:US060017,"Napa, CA US"
761,CITY:FR000016,"Nantes, FR"
762,CITY:CH000028,"Nanning, CH"
763,CITY:CH000027,"Nanjing, CH"
764,CITY:FR000015,"Nancy, FR"
765,CITY:CH000026,"Nanchang, CH"
766,CITY:MZ000006,"Nampula, MZ"
767,CITY:US160007,"Nampa, ID US"
768,CITY:AO000008,"Namibe, AO"
769,CITY:UZ000007,"Namangan, UZ"
770,CITY:TH000016,"Nakhon Si Thammarat, TH"
771,CITY:TH000015,"Nakhon Ratchasima, TH"
772,CITY:KE000004,"Nairobi, KE"
773,CITY:JA000011,"Naha, JA"
774,CITY:IN000022,"Nagpur, IN"
775,CITY:JA000010,"Nagoya, JA"
776,CITY:JA000009,"Nagasaki, JA"
777,CITY:US480048,"Nacogdoches, TX US"
778,CITY:US450008,"Myrtle Beach, SC US"
779,CITY:UP000015,"Mykolayiv, UP"
780,CITY:BM000005,"Myitkyina, BM"
781,CITY:VM000015,"My Tho, VM"
782,CITY:TZ000012,"Mwanza, TZ"
783,CITY:BY000002,"Muyinga, BY"
784,CITY:TZ000011,"Musoma, TZ"
785,CITY:US400012,"Muskogee, OK US"
786,CITY:US260017,"Muskegon, MI US"
787,CITY:MU000001,"Muscat, MU"
788,CITY:TU000042,"Mus, TU"
789,CITY:US210012,"Murray, KY US"
790,CITY:RS000039,"Murmansk, RS"
791,CITY:US470015,"Murfreesboro, TN US"
792,CITY:SP000009,"Murcia, SP"
793,CITY:GM000019,"Munich, GM"
794,CITY:US180009,"Muncie, IN US"
795,CITY:IN000021,"Mumbai, IN"
796,CITY:TZ000010,"Mtwara, TZ"
797,CITY:US160006,"Mountain Home, ID US"
798,CITY:US050015,"Mountain Home, AR US"
799,CITY:US530012,"Mount Vernon, WA US"
800,CITY:US170021,"Mount Vernon, IL US"
801,CITY:US480047,"Mount Pleasant, TX US"
802,CITY:US260016,"Mount Pleasant, MI US"
803,CITY:CD000002,"Moundou, CD"
804,CITY:AG000010,"Mostaganem, AG"
805,CITY:TZ000009,"Moshi, TZ"
806,CITY:US530011,"Moses Lake, WA US"
807,CITY:RS000038,"Moscow, RS"
808,CITY:US160005,"Moscow, ID US"
809,CITY:US470014,"Morristown, TN US"
810,CITY:US540007,"Morgantown, WV US"
811,CITY:US220013,"Morgan City, LA US"
812,CITY:MX000022,"Morelia, MX"
813,CITY:ML000004,"Mopti, ML"
814,CITY:US080009,"Montrose, CO US"
815,CITY:CA000005,"Montreal, CA"
816,CITY:FR000014,"Montpellier, FR"
817,CITY:US500002,"Montpelier, VT US"
818,CITY:US010015,"Montgomery, AL US"
819,CITY:UY000003,"Montevideo, UY"
820,CITY:MX000021,"Monterrey, MX"
821,CITY:CO000013,"Monteria, CO"
822,CITY:US060016,"Monterey, CA US"
823,CITY:JM000002,"Montego Bay, JM"
824,CITY:LI000001,"Monrovia, LI"
825,CITY:US220012,"Monroe, LA US"
826,CITY:ZA000006,"Mongu, ZA"
827,CITY:KE000003,"Mombasa, KE"
828,CITY:BC000003,"Molepolole, BC"
829,CITY:US060015,"Modesto, CA US"
830,CITY:US010014,"Mobile, AL US"
831,CITY:US290014,"Moberly, MO US"
832,CITY:US460004,"Mitchell, SD US"
833,CITY:US300007,"Missoula, MT US"
834,CITY:LY000005,"Misratah, LY"
835,CITY:HU000008,"Miskolc, HU"
836,CITY:BO000005,"Minsk, BO"
837,CITY:US380006,"Minot, ND US"
838,CITY:US270013,"Minneapolis, MN US"
839,CITY:NI000023,"Minna, NI"
840,CITY:US480046,"Mineral Wells, TX US"
841,CITY:US220011,"Minden, LA US"
842,CITY:US550009,"Milwaukee, WI US"
843,CITY:US130019,"Milledgeville, GA US"
844,CITY:IT000010,"Milan, IT"
845,CITY:US480045,"Midland, TX US"
846,CITY:US260015,"Midland, MI US"
847,CITY:US360017,"Middletown, NY US"
848,CITY:US210011,"Middlesborough, KY US"
849,CITY:US180008,"Michigan City, IN US"
850,CITY:US120025,"Miami, FL US"
851,CITY:MX000020,"Mexico City, MX"
852,CITY:MX000019,"Mexicali, MX"
853,CITY:US040008,"Mesa, AZ US"
854,CITY:TU000041,"Mersin, TU"
855,CITY:US280014,"Meridian, MS US"
856,CITY:VE000010,"Merida, VE"
857,CITY:MX000018,"Merida, MX"
858,CITY:US060014,"Merced, CA US"
859,CITY:US390018,"Mentor, OH US"
860,CITY:AR000010,"Mendoza, AR"
861,CITY:US470013,"Memphis, TN US"
862,CITY:UY000002,"Melo, UY"
863,CITY:SP000007,"Melilla, SP"
864,CITY:US120024,"Melbourne, FL US"
865,CITY:AS000006,"Melbourne, AS"
866,CITY:MY000011,"Melaka, MY"
867,CITY:MO000005,"Meknes, MO"
868,CITY:SA000005,"Medina, SA"
869,CITY:US410011,"Medford, OR US"
870,CITY:CO000012,"Medellin, CO"
871,CITY:AG000009,"Medea, AG"
872,CITY:ID000015,"Medan, ID"
873,CITY:SA000004,"Mecca, SA"
874,CITY:US420014,"Meadville, PA US"
875,CITY:US470012,"McMinnville, TN US"
876,CITY:US280013,"McComb, MS US"
877,CITY:US480044,"McAllen, TX US"
878,CITY:US400011,"McAlester, OK US"
879,CITY:CG000008,"Mbuji-Mayi, CG"
880,CITY:CG000007,"Mbandaka, CG"
881,CITY:WZ000002,"Mbabane, WZ"
882,CITY:MX000017,"Mazatlan, MX"
883,CITY:RQ000001,"Mayaguez, RQ"
884,CITY:VE000009,"Maturin, VE"
885,CITY:ID000014,"Mataram, ID"
886,CITY:CU000008,"Matanzas, CU"
887,CITY:NU000009,"Matagalpa, NU"
888,CITY:CG000006,"Matadi, CG"
889,CITY:ZI000004,"Masvingo, ZI"
890,CITY:US360016,"Massena, NY US"
891,CITY:US190014,"Mason City, IA US"
892,CITY:IR000009,"Mashhad, IR"
893,CITY:LT000002,"Maseru, LT"
894,CITY:NU000008,"Masaya, NU"
895,CITY:US290013,"Maryville, MO US"
896,CITY:TX000002,"Mary, TX"
897,CITY:US540006,"Martinsburg, WV US"
898,CITY:US190013,"Marshalltown, IA US"
899,CITY:US290012,"Marshall, MO US"
900,CITY:US270012,"Marshall, MN US"
901,CITY:FR000013,"Marseille, FR"
902,CITY:EG000009,"Marsa Matruh, EG"
903,CITY:MO000004,"Marrakech, MO"
904,CITY:US260014,"Marquette, MI US"
905,CITY:CM000007,"Maroua, CM"
906,CITY:US390017,"Marion, OH US"
907,CITY:US550008,"Marinette, WI US"
908,CITY:US120023,"Marathon, FL US"
909,CITY:NG000001,"Maradi, NG"
910,CITY:VE000008,"Maracaibo, VE"
911,CITY:MZ000005,"Maputo, MZ"
912,CITY:WZ000001,"Manzini, WZ"
913,CITY:US390016,"Mansfield, OH US"
914,CITY:US270011,"Mankato, MN US"
915,CITY:US550007,"Manitowoc, WI US"
916,CITY:RP000002,"Manila, RP"
917,CITY:US200011,"Manhattan, KS US"
918,CITY:IN000020,"Mangalore, IN"
919,CITY:BM000003,"Mandalay, BM"
920,CITY:UK000010,"Manchester, UK"
921,CITY:US330006,"Manchester, NH US"
922,CITY:BR000015,"Manaus, BR"
923,CITY:BA000002,"Manama, BA"
924,CITY:NU000007,"Managua, NU"
925,CITY:ID000013,"Manado, ID"
926,CITY:IV000016,"Man, IV"
927,CITY:MF000001,"Mamoutzou, MF"
928,CITY:SW000007,"Malmo, SW"
929,CITY:TU000038,"Malatya, TU"
930,CITY:SU000004,"Malakal, SU"
931,CITY:EK000002,"Malabo, EK"
932,CITY:NI000022,"Makurdi, NI"
933,CITY:ID000012,"Makassar, ID"
934,CITY:RS000037,"Majkop, RS"
935,CITY:GM000018,"Mainz, GM"
936,CITY:NI000021,"Maiduguri, NI"
937,CITY:BO000004,"Mahilyow, BO"
938,CITY:MA000004,"Mahajanga, MA"
939,CITY:US050014,"Magnolia, AR US"
940,CITY:GM000017,"Magdeburg, GM"
941,CITY:RS000036,"Magadan, RS"
942,CITY:LT000001,"Mafeteng, LT"
943,CITY:IN000019,"Madurai, IN"
944,CITY:SP000006,"Madrid, SP"
945,CITY:US210010,"Madisonville, KY US"
946,CITY:US550006,"Madison, WI US"
947,CITY:US180007,"Madison, IN US"
948,CITY:US130018,"Macon, GA US"
949,CITY:US170020,"Macomb, IL US"
950,CITY:RS000035,"Machackala, RS"
951,CITY:BR000014,"Maceio, BR"
952,CITY:CH000025,"Macau, CH"
953,CITY:BR000013,"Macapa, BR"
954,CITY:NL000008,"Maastricht, NL"
955,CITY:SF000007,"MMabatho (Mafikeng), SF"
956,CITY:FR000012,"Lyon, FR"
957,CITY:US510012,"Lynchburg, VA US"
958,CITY:LU000001,"Luxembourg, LU"
959,CITY:ZA000005,"Lusaka, ZA"
960,CITY:CG000005,"Lumumbashi, CG"
961,CITY:UP000014,"Luhans'k, UP"
962,CITY:US480043,"Lufkin, TX US"
963,CITY:IN000018,"Lucknow, IN"
964,CITY:US480042,"Lubbock, TX US"
965,CITY:AO000006,"Lubango, AO"
966,CITY:AO000005,"Luanda, AO"
967,CITY:US250008,"Lowell, MA US"
968,CITY:US210009,"Louisville, KY US"
969,CITY:CF000002,"Loubomo, CF"
970,CITY:US060013,"Los Angeles, CA US"
971,CITY:US480041,"Longview, TX US"
972,CITY:US060012,"Long Beach, CA US"
973,CITY:UK000009,"London, UK"
974,CITY:TO000003,"Lome, TO"
975,CITY:BN000003,"Lokossa, BN"
976,CITY:EC000006,"Loja, EC"
977,CITY:SP000005,"Logrono, SP"
978,CITY:US490003,"Logan, UT US"
979,CITY:SI000001,"Ljubljana, SI"
980,CITY:ZA000004,"Livingstone, ZA"
981,CITY:UK000008,"Liverpool, UK"
982,CITY:US050013,"Little Rock, AR US"
983,CITY:PO000006,"Lisbon, PO"
984,CITY:RS000034,"Lipetsk, RS"
985,CITY:SW000006,"Linkoping, SW"
986,CITY:US310008,"Lincoln, NE US"
987,CITY:US170019,"Lincoln, IL US"
988,CITY:FR000011,"Limoges, FR"
989,CITY:PE000015,"Lima, PE"
990,CITY:US390015,"Lima, OH US"
991,CITY:MI000002,"Lilongwe, MI"
992,CITY:FR000010,"Lille, FR"
993,CITY:BE000005,"Liege, BE"
994,CITY:MZ000004,"Lichinga, MZ"
995,CITY:GB000001,"Libreville, GB"
996,CITY:US200010,"Liberal, KS US"
997,CITY:CH000023,"Lhasa, CH"
998,CITY:US310007,"Lexington, NE US"
999,CITY:US210008,"Lexington, KY US"
1000,CITY:US230003,"Lewiston, ME US"
1001,CITY:US160004,"Lewiston, ID US"
1002,CITY:US360015,"Levittown, NY US"
1003,CITY:US250007,"Leominster, MA US"
1004,CITY:TI000003,"Leninobod, TI"
1005,CITY:CY000001,"Lemesos, CY"
1006,CITY:GM000016,"Leipzig, GM"
1007,CITY:NL000007,"Leeuwarden, NL"
1008,CITY:US510011,"Leesburg, VA US"
1009,CITY:UK000007,"Leeds, UK"
1010,CITY:US470011,"Lebanon, TN US"
1011,CITY:US420013,"Lebanon, PA US"
1012,CITY:US290011,"Lebanon, MO US"
1013,CITY:US200009,"Leavenworth, KS US"
1014,CITY:FR000009,"Le Havre, FR"
1015,CITY:US400010,"Lawton, OK US"
1016,CITY:US200008,"Lawrence, KS US"
1017,CITY:US280012,"Laurel, MS US"
1018,CITY:US320004,"Las Vegas, NV US"
1019,CITY:US350008,"Las Cruces, NM US"
1020,CITY:GR000004,"Larisa, GR"
1021,CITY:US480040,"Laredo, TX US"
1022,CITY:US560005,"Laramie, WY US"
1023,CITY:CH000022,"Lanzhou, CH"
1024,CITY:US260013,"Lansing, MI US"
1025,CITY:US420012,"Lancaster, PA US"
1026,CITY:TH000012,"Lampang, TH"
1027,CITY:US340002,"Lakewood, NJ US"
1028,CITY:US480039,"Lake Jackson, TX US"
1029,CITY:US040007,"Lake Havasu City, AZ US"
1030,CITY:US220010,"Lake Charles, LA US"
1031,CITY:PK000005,"Lahore, PK"
1032,CITY:NI000019,"Lagos, NI"
1033,CITY:AG000008,"Laghouat, AG"
1034,CITY:US220009,"Lafayette, LA US"
1035,CITY:US180006,"Lafayette, IN US"
1036,CITY:US330005,"Laconia, NH US"
1037,CITY:US130017,"LaGrange, GA US"
1038,CITY:CI000006,"La Serena, CI"
1039,CITY:AR000009,"La Rioja, AR"
1040,CITY:AR000008,"La Plata, AR"
1041,CITY:MX000016,"La Paz, MX"
1042,CITY:BL000002,"La Paz, BL"
1043,CITY:US410010,"La Grande, OR US"
1044,CITY:US550005,"La Crosse, WI US"
1045,CITY:HO000002,"La Ceiba, HO"
1046,CITY:UP000013,"L'viv, UP"
1047,CITY:KZ000009,"Kyzylorda, KZ"
1048,CITY:RS000033,"Kyzyl, RS"
1049,CITY:JA000008,"Kyoto, JA"
1050,CITY:UP000012,"Kyiv, UP"
1051,CITY:KS000006,"Kwangju, KS"
1052,CITY:RS000032,"Kuybyskev, RS"
1053,CITY:KU000001,"Kuwait, KU"
1054,CITY:TU000037,"Kutahya, TU"
1055,CITY:RS000031,"Kursk, RS"
1056,CITY:RS000030,"Kurgan, RS"
1057,CITY:ID000011,"Kupang, ID"
1058,CITY:FI000004,"Kuopio, FI"
1059,CITY:CH000021,"Kunming, CH"
1060,CITY:GH000006,"Kumasi, GH"
1061,CITY:TI000002,"Kulob, TI"
1062,CITY:MY000010,"Kuching, MY"
1063,CITY:MY000009,"Kuantan New Port, MY"
1064,CITY:MY000007,"Kuala Lumpur, MY"
1065,CITY:NO000003,"Kristiansand, NO"
1066,CITY:RS000029,"Krasnoyarsk, RS"
1067,CITY:RS000028,"Krasnodar, RS"
1068,CITY:PL000017,"Krakow, PL"
1069,CITY:UP000011,"Kovel', UP"
1070,CITY:RS000027,"Kotlas, RS"
1071,CITY:MY000006,"Kota Kinabalu, MY"
1072,CITY:MY000005,"Kota Baharu, MY"
1073,CITY:RS000026,"Kostroma, RS"
1074,CITY:KZ000008,"Kostanay, KZ"
1075,CITY:LO000003,"Kosice, LO"
1076,CITY:IV000015,"Korhogo, IV"
1077,CITY:TU000036,"Konya, TU"
1078,CITY:IN000017,"Kolkata, IN"
1079,CITY:SG000002,"Kolda, SG"
1080,CITY:KZ000007,"Kokshetau, KZ"
1081,CITY:US180005,"Kokomo, IN US"
1082,CITY:IN000016,"Kohima, IN"
1083,CITY:GH000005,"Koforidua, GH"
1084,CITY:JA000007,"Kobe, JA"
1085,CITY:US470010,"Knoxville, TN US"
1086,CITY:RS000025,"Klintsy, RS"
1087,CITY:US410009,"Klamath Falls, OR US"
1088,CITY:AU000003,"Klagenfurt, AU"
1089,CITY:JA000006,"Kita Kyushu, JA"
1090,CITY:US120022,"Kissimmee, FL US"
1091,CITY:TU000034,"Kirsehir, TU"
1092,CITY:UP000010,"Kirovohrad, UP"
1093,CITY:US290010,"Kirksville, MO US"
1094,CITY:CG000003,"Kinshasa, CG"
1095,CITY:US480038,"Kingsville, TX US"
1096,CITY:US360014,"Kingston, NY US"
1097,CITY:JM000001,"Kingston, JM"
1098,CITY:US470009,"Kingsport, TN US"
1099,CITY:US040006,"Kingman, AZ US"
1100,CITY:GV000003,"Kindia, GV"
1101,CITY:SF000006,"Kimberley, SF"
1102,CITY:US480037,"Killeen, TX US"
1103,CITY:RW000006,"Kigali, RW"
1104,CITY:GM000015,"Kiel, GM"
1105,CITY:IR000008,"Khorramabad, IR"
1106,CITY:TH000011,"Khon Kaen, TH"
1107,CITY:UP000009,"Khmel'nyts'kyz, UP"
1108,CITY:UP000008,"Kherson, UP"
1109,CITY:SU000003,"Khartoum, SU"
1110,CITY:UP000007,"Kharkiv, UP"
1111,CITY:RS000024,"Khanty-Mansiysk, RS"
1112,CITY:RS000023,"Khabarovsk, RS"
1113,CITY:US120021,"Key West, FL US"
1114,CITY:US120020,"Key Largo, FL US"
1115,CITY:US170018,"Kewanee, IL US"
1116,CITY:US480036,"Kerrville, TX US"
1117,CITY:IR000007,"Kermanshah, IR"
1118,CITY:IR000006,"Kerman, IR"
1119,CITY:US190012,"Keokuk, IA US"
1120,CITY:US550004,"Kenosha, WI US"
1121,CITY:US530010,"Kennewick, WA US"
1122,CITY:US290009,"Kennett, MO US"
1123,CITY:RS000022,"Kemerovo, RS"
1124,CITY:US330004,"Keene, NH US"
1125,CITY:US310006,"Kearney, NE US"
1126,CITY:RS000021,"Kazan', RS"
1127,CITY:ML000003,"Kayes, ML"
1128,CITY:JA000005,"Kawasaki, JA"
1129,CITY:US480035,"Katy, TX US"
1130,CITY:NP000004,"Kathmandu, NP"
1131,CITY:TU000031,"Kastamonu, TU"
1132,CITY:CH000020,"Kashi, CH"
1133,CITY:ZA000003,"Kasama, ZA"
1134,CITY:UZ000006,"Karshi, UZ"
1135,CITY:TU000030,"Kars, TU"
1136,CITY:SW000005,"Karlstad, SW"
1137,CITY:KG000002,"Karakol, KG"
1138,CITY:KZ000006,"Karaganda, KZ"
1139,CITY:PK000004,"Karachi, PK"
1140,CITY:US290008,"Kansas City, MO US"
1141,CITY:IN000015,"Kanpur, IN"
1142,CITY:NI000017,"Kano, NI"
1143,CITY:GV000002,"Kankan, GV"
1144,CITY:US170017,"Kankakee, IL US"
1145,CITY:AF000008,"Kandahar, AF"
1146,CITY:TH000010,"Kanchanaburi, TH"
1147,CITY:CG000002,"Kananga, CG"
1148,CITY:RS000020,"Kaluga, RS"
1149,CITY:US300006,"Kalispell, MT US"
1150,CITY:RS000019,"Kaliningrad, RS"
1151,CITY:US260012,"Kalamazoo, MI US"
1152,CITY:TS000006,"Kairouan, TS"
1153,CITY:US150003,"Kahului, HI US"
1154,CITY:TU000029,"Kahramanmaras, TU"
1155,CITY:KN000005,"Kaesong, KN"
1156,CITY:ZA000002,"Kabwe, ZA"
1157,CITY:AF000007,"Kabul, AF"
1158,CITY:FI000003,"Jyvaskyla, FI"
1159,CITY:US120019,"Jupiter, FL US"
1160,CITY:US020003,"Juneau, AK US"
1161,CITY:NU000005,"Juigalpa, NU"
1162,CITY:NI000015,"Jos, NI"
1163,CITY:US290007,"Joplin, MO US"
1164,CITY:SW000004,"Jonkoping, SW"
1165,CITY:US050012,"Jonesboro, AR US"
1166,CITY:US170016,"Joliet, IL US"
1167,CITY:MY000003,"Johor Baharu, MY"
1168,CITY:US420011,"Johnstown, PA US"
1169,CITY:US470008,"Johnson City, TN US"
1170,CITY:SF000005,"Johannesburg, SF"
1171,CITY:FI000002,"Joensuu, FI"
1172,CITY:BR000012,"Joao Pessoa, BR"
1173,CITY:NU000004,"Jinotega, NU"
1174,CITY:UG000003,"Jinja, UG"
1175,CITY:CH000019,"Jinan, CH"
1176,CITY:ET000007,"Jima, ET"
1177,CITY:IS000003,"Jerusalem, IS"
1178,CITY:US340001,"Jersey City, NJ US"
1179,CITY:US220008,"Jennings, LA US"
1180,CITY:TS000005,"Jendouba, TS"
1181,CITY:US290006,"Jefferson City, MO US"
1182,CITY:SA000003,"Jeddah, SA"
1183,CITY:ID000010,"Jayapura, ID"
1184,CITY:US010013,"Jasper, AL US"
1185,CITY:US550003,"Janesville, WI US"
1186,CITY:US360013,"Jamestown, NY US"
1187,CITY:US380005,"Jamestown, ND US"
1188,CITY:ID000009,"Jambi, ID"
1189,CITY:MX000015,"Jalapa, MX"
1190,CITY:ID000008,"Jakarta, ID"
1191,CITY:IN000014,"Jaipur, IN"
1192,CITY:US480034,"Jacksonville, TX US"
1193,CITY:US370015,"Jacksonville, NC US"
1194,CITY:US120018,"Jacksonville, FL US"
1195,CITY:US470007,"Jackson, TN US"
1196,CITY:US280011,"Jackson, MS US"
1197,CITY:US260011,"Jackson, MI US"
1198,CITY:TU000028,"Izmir, TU"
1199,CITY:RS000018,"Izevsk, RS"
1200,CITY:RS000017,"Ivanovo, RS"
1201,CITY:UP000006,"Ivano-frankivs'k, UP"
1202,CITY:US360012,"Ithaca, NY US"
1203,CITY:TU000027,"Istanbul, TU"
1204,CITY:TU000026,"Isparta, TU"
1205,CITY:EG000008,"Ismailia, EG"
1206,CITY:PK000003,"Islamabad, PK"
1207,CITY:US480033,"Irving, TX US"
1208,CITY:RS000016,"Irkutsk, RS"
1209,CITY:TZ000005,"Iringa, TZ"
1210,CITY:JO000005,"Irbid, JO"
1211,CITY:GR000003,"Iraklion, GR"
1212,CITY:PE000014,"Iquitos, PE"
1213,CITY:US190011,"Iowa City, IA US"
1214,CITY:GR000002,"Ioannina, GR"
1215,CITY:AU000002,"Innsbruck, AU"
1216,CITY:MZ000003,"Inhambane, MZ"
1217,CITY:US180004,"Indianapolis, IN US"
1218,CITY:KS000005,"Inch`on, KS"
1219,CITY:IN000013,"Imphal, IN"
1220,CITY:US120017,"Immokalee, FL US"
1221,CITY:NI000013,"Ilorin, NI"
1222,CITY:IR000005,"Ilam, IR"
1223,CITY:US160003,"Idaho Falls, ID US"
1224,CITY:CO000010,"Ibague, CO"
1225,CITY:RO000020,"Iasi, RO"
1226,CITY:KN000004,"Hyesan, KN"
1227,CITY:PK000002,"Hyderabad, PK"
1228,CITY:IN000012,"Hyderabad, IN"
1229,CITY:US270010,"Hutchinson, MN US"
1230,CITY:US200007,"Hutchinson, KS US"
1231,CITY:US460003,"Huron, SD US"
1232,CITY:US480032,"Huntsville, TX US"
1233,CITY:US010012,"Huntsville, AL US"
1234,CITY:US540005,"Huntington, WV US"
1235,CITY:US360011,"Huntington Station, NY US"
1236,CITY:CH000017,"Huhot, CH"
1237,CITY:VM000013,"Hue, VM"
1238,CITY:PE000012,"Huaraz, PE"
1239,CITY:PE000011,"Huanuco, PE"
1240,CITY:BO000003,"Hrodna, BO"
1241,CITY:US480031,"Houston, TX US"
1242,CITY:US220007,"Houma, LA US"
1243,CITY:US050011,"Hot Springs, AR US"
1244,CITY:US210007,"Hopkinsville, KY US"
1245,CITY:US050010,"Hope, AR US"
1246,CITY:US150002,"Honolulu, HI US"
1247,CITY:BP000001,"Honiara, BP"
1248,CITY:CH000016,"Hong Kong, CH"
1249,CITY:BO000002,"Homyel', BO"
1250,CITY:SY000007,"Homs, SY"
1251,CITY:US120016,"Homosassa Springs, FL US"
1252,CITY:US260010,"Holland, MI US"
1253,CITY:GH000004,"Ho, GH"
1254,CITY:VM000010,"Ho Chi Minh City, VM"
1255,CITY:JA000004,"Hiroshima, JA"
1256,CITY:US130016,"Hinesville, GA US"
1257,CITY:US450007,"Hilton Head Island, SC US"
1258,CITY:US150001,"Hilo, HI US"
1259,CITY:US410008,"Hillsboro, OR US"
1260,CITY:US370014,"Hickory, NC US"
1261,CITY:US270009,"Hibbing, MN US"
1262,CITY:MX000014,"Hermosillo, MX"
1263,CITY:US410007,"Hermiston, OR US"
1264,CITY:US370013,"Hendersonville, NC US"
1265,CITY:US480030,"Henderson, TX US"
1266,CITY:US360010,"Hempstead, NY US"
1267,CITY:FI000001,"Helsinki, FI"
1268,CITY:US300005,"Helena, MT US"
1269,CITY:CH000015,"Hefei, CH"
1270,CITY:US420010,"Hazleton, PA US"
1271,CITY:US200006,"Hays, KS US"
1272,CITY:CU000005,"Havana, CU"
1273,CITY:US280010,"Hattiesburg, MS US"
1274,CITY:US310005,"Hastings, NE US"
1275,CITY:BE000004,"Hasselt, BE"
1276,CITY:US090003,"Hartford, CT US"
1277,CITY:US510010,"Harrisonburg, VA US"
1278,CITY:US050009,"Harrison, AR US"
1279,CITY:US420009,"Harrisburg, PA US"
1280,CITY:US480029,"Harlingen, TX US"
1281,CITY:CH000014,"Harbin, CH"
1282,CITY:ZI000003,"Harare, ZI"
1283,CITY:US420008,"Hanover, PA US"
1284,CITY:VM000009,"Hanoi, VM"
1285,CITY:GM000014,"Hannover, GM"
1286,CITY:CH000013,"Hangzhou, CH"
1287,CITY:US510009,"Hampton, VA US"
1288,CITY:US220006,"Hammond, LA US"
1289,CITY:GM000013,"Hamburg, GM"
1290,CITY:SY000006,"Hamah, SY"
1291,CITY:IR000004,"Hamadan, IR"
1292,CITY:SW000003,"Halmstad, SW"
1293,CITY:CA000004,"Halifax, CA"
1294,CITY:TU000025,"Hakkari, TU"
1295,CITY:VM000008,"Haiphong, VM"
1296,CITY:US240007,"Hagerstown, MD US"
1297,CITY:KN000002,"Haeju, KN"
1298,CITY:NL000006,"Haarlem, NL"
1299,CITY:ZI000002,"Gweru, ZI"
1300,CITY:US400009,"Guymon, OK US"
1301,CITY:UG000002,"Gulu, UG"
1302,CITY:UZ000005,"Gulistan, UZ"
1303,CITY:US280009,"Gulfport, MS US"
1304,CITY:CH000012,"Guiyang, CH"
1305,CITY:AG000007,"Guelma, AG"
1306,CITY:GT000004,"Guatemala, GT"
1307,CITY:CH000011,"Guangzhou, CH"
1308,CITY:VE000007,"Guanare, VE"
1309,CITY:MX000013,"Guanajuato, MX"
1310,CITY:MX000012,"Guadalajara, MX"
1311,CITY:RS000015,"Groznyy, RS"
1312,CITY:NL000005,"Groningen, NL"
1313,CITY:US130015,"Griffin, GA US"
1314,CITY:US280008,"Grenada, MS US"
1315,CITY:US450006,"Greenwood, SC US"
1316,CITY:US280007,"Greenwood, MS US"
1317,CITY:US480028,"Greenville, TX US"
1318,CITY:US450005,"Greenville, SC US"
1319,CITY:US370012,"Greenville, NC US"
1320,CITY:US280006,"Greenville, MS US"
1321,CITY:US370011,"Greensboro, NC US"
1322,CITY:US250006,"Greenfield, MA US"
1323,CITY:US040005,"Green Valley, AZ US"
1324,CITY:US550002,"Green Bay, WI US"
1325,CITY:US300004,"Great Falls, MT US"
1326,CITY:US200005,"Great Bend, KS US"
1327,CITY:AU000001,"Graz, AU"
1328,CITY:US060011,"Grass Valley, CA US"
1329,CITY:US410006,"Grants Pass, OR US"
1330,CITY:US260009,"Grand Rapids, MI US"
1331,CITY:US080008,"Grand Junction, CO US"
1332,CITY:US310004,"Grand Island, NE US"
1333,CITY:US380004,"Grand Forks, ND US"
1334,CITY:SW000002,"Goteborg, SW"
1335,CITY:RS000014,"Gorno-Altaysk, RS"
1336,CITY:RS000013,"Gor'kiy, RS"
1337,CITY:ET000006,"Gonder, ET"
1338,CITY:BR000011,"Goiania, BR"
1339,CITY:US250005,"Gloucester, MA US"
1340,CITY:UK000006,"Glasgow, UK"
1341,CITY:EG000007,"Giza, EG"
1342,CITY:TU000024,"Giresun, TU"
1343,CITY:US560004,"Gillette, WY US"
1344,CITY:JA000003,"Gifu, JA"
1345,CITY:GY000001,"Georgetown, GY"
1346,CITY:BE000003,"Gent, BE"
1347,CITY:IT000009,"Genoa, IT"
1348,CITY:SZ000003,"Geneva, SZ"
1349,CITY:SW000001,"Gavle, SW"
1350,CITY:US480027,"Gatesville, TX US"
1351,CITY:US370010,"Gastonia, NC US"
1352,CITY:CM000006,"Garoua, CM"
1353,CITY:US200004,"Garden City, KS US"
1354,CITY:ML000002,"Gao, ML"
1355,CITY:EI000003,"Galway, EI"
1356,CITY:US480026,"Galveston, TX US"
1357,CITY:US350007,"Gallup, NM US"
1358,CITY:US170015,"Galesburg, IL US"
1359,CITY:RO000018,"Galati, RO"
1360,CITY:US480025,"Gainesville, TX US"
1361,CITY:US130014,"Gainesville, GA US"
1362,CITY:US120015,"Gainesville, FL US"
1363,CITY:IV000013,"Gagnoa, IV"
1364,CITY:TS000004,"Gafsa, TS"
1365,CITY:US010011,"Gadsden, AL US"
1366,CITY:BC000002,"Gaborone, BC"
1367,CITY:TS000003,"Gabes, TS"
1368,CITY:CH000010,"Fuzhou, CH"
1369,CITY:CH000009,"Fushun, CH"
1370,CITY:PO000005,"Funchal, PO"
1371,CITY:JA000002,"Fukuoka, JA"
1372,CITY:US060010,"Fresno, CA US"
1373,CITY:US310003,"Fremont, NE US"
1374,CITY:SL000002,"Freetown, SL"
1375,CITY:US480024,"Freeport, TX US"
1376,CITY:US170014,"Freeport, IL US"
1377,CITY:CA000003,"Fredericton, CA"
1378,CITY:US510008,"Fredericksburg, VA US"
1379,CITY:US240006,"Frederick, MD US"
1380,CITY:GM000012,"Frankfurt, GM"
1381,CITY:US210006,"Frankfort, KY US"
1382,CITY:BC000001,"Francistown, BC"
1383,CITY:BR000010,"Fortaleza, BR"
1384,CITY:MB000001,"Fort-De-France, MB"
1385,CITY:US480023,"Fort Worth, TX US"
1386,CITY:US180003,"Fort Wayne, IN US"
1387,CITY:US120014,"Fort Walton Beach, FL US"
1388,CITY:US050008,"Fort Smith, AR US"
1389,CITY:US220005,"Fort Polk South, LA US"
1390,CITY:US010010,"Fort Payne, AL US"
1391,CITY:US120013,"Fort Myers, FL US"
1392,CITY:US080007,"Fort Morgan, CO US"
1393,CITY:US290005,"Fort Leonard Wood, MO US"
1394,CITY:US120012,"Fort Lauderdale, FL US"
1395,CITY:US210005,"Fort Knox, KY US"
1396,CITY:US480022,"Fort Hood, TX US"
1397,CITY:US190010,"Fort Dodge, IA US"
1398,CITY:US080006,"Fort Collins, CO US"
1399,CITY:US370009,"Fort Bragg, NC US"
1400,CITY:US130013,"Fort Benning South, GA US"
1401,CITY:US050007,"Forrest City, AR US"
1402,CITY:AR000007,"Formosa, AR"
1403,CITY:BR000009,"Florianopolis, BR"
1404,CITY:US450004,"Florence, SC US"
1405,CITY:US010009,"Florence, AL US"
1406,CITY:US260008,"Flint, MI US"
1407,CITY:US040004,"Flagstaff, AZ US"
1408,CITY:MA000003,"Fianarantsoa, MA"
1409,CITY:IV000012,"Ferkessedougou, IV"
1410,CITY:US270008,"Fergus Falls, MN US"
1411,CITY:UZ000004,"Fergana, UZ"
1412,CITY:US530009,"Federal Way, WA US"
1413,CITY:US370008,"Fayetteville, NC US"
1414,CITY:US050006,"Fayetteville, AR US"
1415,CITY:US350006,"Farmington, NM US"
1416,CITY:US290004,"Farmington, MO US"
1417,CITY:US270007,"Faribault, MN US"
1418,CITY:US380003,"Fargo, ND US"
1419,CITY:US250004,"Fall River, MA US"
1420,CITY:US540004,"Fairmont, WV US"
1421,CITY:US270006,"Fairmont, MN US"
1422,CITY:US020002,"Fairbanks, AK US"
1423,CITY:US290003,"Excelsior Springs, MO US"
1424,CITY:PO000004,"Evora, PO"
1425,CITY:US530008,"Everett, WA US"
1426,CITY:US180002,"Evansville, IN US"
1427,CITY:US560003,"Evanston, WY US"
1428,CITY:US060009,"Eureka, CA US"
1429,CITY:US410005,"Eugene, OR US"
1430,CITY:US010008,"Eufaula, AL US"
1431,CITY:NU000002,"Esteli, NU"
1432,CITY:GM000011,"Essen, GM"
1433,CITY:IR000003,"Esfahan, IR"
1434,CITY:US260007,"Escanaba, MI US"
1435,CITY:TU000022,"Erzurum, TU"
1436,CITY:TU000021,"Erzincan, TU"
1437,CITY:US420007,"Erie, PA US"
1438,CITY:GM000010,"Erfurt, GM"
1439,CITY:NI000011,"Enugu, NI"
1440,CITY:US010007,"Enterprise, AL US"
1441,CITY:US400008,"Enid, OK US"
1442,CITY:PA000003,"Encarnacion, PA"
1443,CITY:US200003,"Emporia, KS US"
1444,CITY:US360009,"Elmira, NY US"
1445,CITY:US530007,"Ellensburg, WA US"
1446,CITY:US320003,"Elko, NV US"
1447,CITY:US400007,"Elk City, OK US"
1448,CITY:US210004,"Elizabethtown, KY US"
1449,CITY:US370007,"Elizabeth City, NC US"
1450,CITY:RS000012,"Elista, RS"
1451,CITY:US170013,"Elgin, IL US"
1452,CITY:PL000007,"Elblag, PL"
1453,CITY:TU000020,"Elazig, TU"
1454,CITY:US480021,"El Paso, TX US"
1455,CITY:SU000002,"El Obeid, SU"
1456,CITY:SU000001,"El Fasher, SU"
1457,CITY:US050005,"El Dorado, AR US"
1458,CITY:US060008,"El Centro, CA US"
1459,CITY:US480020,"El Campo, TX US"
1460,CITY:US170012,"Effingham, IL US"
1461,CITY:CA000002,"Edmonton, CA"
1462,CITY:TU000019,"Edirne, TU"
1463,CITY:UK000005,"Edinburgh, UK"
1464,CITY:US550001,"Eau Claire, WI US"
1465,CITY:US240005,"Easton, MD US"
1466,CITY:US480019,"Eagle Pass, TX US"
1467,CITY:UZ000003,"Dzhizak, UZ"
1468,CITY:KZ000005,"Dzhambul, KZ"
1469,CITY:US470006,"Dyersburg, TN US"
1470,CITY:GM000009,"Dusseldorf, GM"
1471,CITY:TI000001,"Dushanbe, TI"
1472,CITY:AL000001,"Durres, AL"
1473,CITY:US370006,"Durham, NC US"
1474,CITY:SF000004,"Durban, SF"
1475,CITY:US400006,"Durant, OK US"
1476,CITY:MX000011,"Durango, MX"
1477,CITY:US080005,"Durango, CO US"
1478,CITY:UK000004,"Dundee, UK"
1479,CITY:US270005,"Duluth, MN US"
1480,CITY:GM000008,"Duisburg, GM"
1481,CITY:US190009,"Dubuque, IA US"
1482,CITY:US130012,"Dublin, GA US"
1483,CITY:EI000002,"Dublin, EI"
1484,CITY:AE000003,"Dubai, AE"
1485,CITY:RO000016,"Drobeta- Turmu Sererin, RO"
1486,CITY:GM000007,"Dresden, GM"
1487,CITY:NO000002,"Drammen, NO"
1488,CITY:US100001,"Dover, DE US"
1489,CITY:US130011,"Douglas, GA US"
1490,CITY:US040003,"Douglas, AZ US"
1491,CITY:CM000004,"Douala, CM"
1492,CITY:US010006,"Dothan, AL US"
1493,CITY:GM000006,"Dortmund, GM"
1494,CITY:UP000005,"Donets'k, UP"
1495,CITY:QA000001,"Doha, QA"
1496,CITY:TZ000004,"Dodoma, TZ"
1497,CITY:US200002,"Dodge City, KS US"
1498,CITY:UP000004,"Dnipropetrovs'k, UP"
1499,CITY:TU000018,"Diyarbakir, TU"
1500,CITY:US170011,"Dixon, IL US"
1501,CITY:IV000010,"Dimbokro, IV"
1502,CITY:FR000008,"Dijon, FR"
1503,CITY:US380002,"Dickinson, ND US"
1504,CITY:BG000003,"Dhaka, BG"
1505,CITY:RO000015,"Deva, RO"
1506,CITY:US260006,"Detroit, MI US"
1507,CITY:US120011,"Destin, FL US"
1508,CITY:ET000005,"Dese, ET"
1509,CITY:US190008,"Des Moines, IA US"
1510,CITY:US080004,"Denver, CO US"
1511,CITY:US480018,"Denton, TX US"
1512,CITY:ID000007,"Denpasar, ID"
1513,CITY:TU000017,"Denizli, TU"
1514,CITY:US350005,"Deming, NM US"
1515,CITY:US120010,"Deltona, FL US"
1516,CITY:IN000011,"Delhi, IN"
1517,CITY:US390014,"Delaware, OH US"
1518,CITY:US480017,"Del Rio, TX US"
1519,CITY:US390013,"Defiance, OH US"
1520,CITY:US170010,"Decatur, IL US"
1521,CITY:HU000003,"Debrecen, HU"
1522,CITY:ET000004,"Debre Markos, ET"
1523,CITY:US170009,"DeKalb, IL US"
1524,CITY:US120009,"Daytona Beach, FL US"
1525,CITY:US390012,"Dayton, OH US"
1526,CITY:SY000005,"Dayr az Zawr, SY"
1527,CITY:US190007,"Davenport, IA US"
1528,CITY:AS000005,"Darwin, AS"
1529,CITY:LY000004,"Darnah, LY"
1530,CITY:TZ000003,"Dar es Salaam, TZ"
1531,CITY:US510007,"Danville, VA US"
1532,CITY:US210003,"Danville, KY US"
1533,CITY:US170008,"Danville, IL US"
1534,CITY:US090002,"Danbury, CT US"
1535,CITY:SY000004,"Damascus, SY"
1536,CITY:US130010,"Dalton, GA US"
1537,CITY:IV000008,"Daloa, IV"
1538,CITY:US480016,"Dallas, TX US"
1539,CITY:CH000008,"Dalian, CH"
1540,CITY:SG000001,"Dakar, SG"
1541,CITY:VM000006,"Da Nang, VM"
1542,CITY:VM000005,"Da Lat, VM"
1543,CITY:PE000009,"Cuzco, PE"
1544,CITY:BR000008,"Curitiba, BR"
1545,CITY:US240004,"Cumberland, MD US"
1546,CITY:VE000006,"Cumana, VE"
1547,CITY:US010005,"Cullman, AL US"
1548,CITY:MX000010,"Culiacan, MX"
1549,CITY:BR000007,"Cuiaba, BR"
1550,CITY:MX000009,"Cuernavaca, MX"
1551,CITY:CO000008,"Cucuta, CO"
1552,CITY:US170007,"Crystal Lake, IL US"
1553,CITY:US120008,"Crestview, FL US"
1554,CITY:RO000014,"Craiova, RO"
1555,CITY:BN000002,"Cotonou, BN"
1556,CITY:US410004,"Corvallis, OR US"
1557,CITY:TU000016,"Corum, TU"
1558,CITY:US480015,"Corsicana, TX US"
1559,CITY:AR000006,"Corrientes, AR"
1560,CITY:US480014,"Corpus Christi, TX US"
1561,CITY:PA000002,"Coronel Oviedo, PA"
1562,CITY:VE000005,"Coro, VE"
1563,CITY:EI000001,"Cork, EI"
1564,CITY:US280005,"Corinth, MS US"
1565,CITY:AR000005,"Cordoba, AR"
1566,CITY:US360008,"Coram, NY US"
1567,CITY:US120007,"Coral Springs, FL US"
1568,CITY:CI000004,"Coquimbo, CI"
1569,CITY:CI000003,"Copiapo, CI"
1570,CITY:DA000003,"Copenhagen, DA"
1571,CITY:US410003,"Coos Bay, OR US"
1572,CITY:US470005,"Cookeville, TN US"
1573,CITY:US050004,"Conway, AR US"
1574,CITY:AG000006,"Constantine, AG"
1575,CITY:RO000013,"Constanta, RO"
1576,CITY:US480013,"Conroe, TX US"
1577,CITY:US330003,"Concord, NH US"
1578,CITY:CI000002,"Concepcion, CI"
1579,CITY:GV000001,"Conakry, GV"
1580,CITY:AR000004,"Comodoro Rivadavia, AR"
1581,CITY:US360007,"Commack, NY US"
1582,CITY:US390011,"Columbus, OH US"
1583,CITY:US310002,"Columbus, NE US"
1584,CITY:US280004,"Columbus, MS US"
1585,CITY:US130009,"Columbus, GA US"
1586,CITY:US470004,"Columbia, TN US"
1587,CITY:US450003,"Columbia, SC US"
1588,CITY:US290002,"Columbia, MO US"
1589,CITY:US080003,"Colorado Springs, CO US"
1590,CITY:PM000001,"Colon, PM"
1591,CITY:CE000002,"Colombo, CE"
1592,CITY:GM000005,"Cologne, GM"
1593,CITY:US480012,"College Station, TX US"
1594,CITY:MX000008,"Colima, MX"
1595,CITY:PO000003,"Coimbra, PO"
1596,CITY:US200001,"Coffeyville, KS US"
1597,CITY:US160002,"Coeur d'Alene, ID US"
1598,CITY:US120006,"Cocoa, FL US"
1599,CITY:IN000010,"Cochin, IN"
1600,CITY:BL000001,"Cochabamba, BL"
1601,CITY:US060007,"Coalinga, CA US"
1602,CITY:RO000012,"Cluj-Napoca, RO"
1603,CITY:US350004,"Clovis, NM US"
1604,CITY:US190006,"Clinton, IA US"
1605,CITY:US390010,"Cleveland, OH US"
1606,CITY:US280003,"Cleveland, MS US"
1607,CITY:FR000007,"Clermont-Ferrand, FR"
1608,CITY:US450002,"Clemson, SC US"
1609,CITY:US060006,"Clearlake, CA US"
1610,CITY:US470003,"Clarksville, TN US"
1611,CITY:US280002,"Clarksdale, MS US"
1612,CITY:US330002,"Claremont, NH US"
1613,CITY:MX000007,"Ciudad Victoria, MX"
1614,CITY:VE000004,"Ciudad Bolivar, VE"
1615,CITY:US410002,"City of The Dalles, OR US"
1616,CITY:US390009,"Cincinnati, OH US"
1617,CITY:TH000007,"Chumphon, TH"
1618,CITY:NZ000002,"Christchurch, NZ"
1619,CITY:KS000004,"Chonju, KS"
1620,CITY:CH000007,"Chongqing, CH"
1621,CITY:TH000006,"Chon Buri, TH"
1622,CITY:BG000002,"Chittagong, BG"
1623,CITY:RS000011,"Chita, RS"
1624,CITY:MD000001,"Chisinau, MD"
1625,CITY:ZA000001,"Chipata, ZA"
1626,CITY:NU000001,"Chinandega, NU"
1627,CITY:MZ000002,"Chimoio, MZ"
1628,CITY:MX000006,"Chilpancingo De Los Bravo, MX"
1629,CITY:US390008,"Chillicothe, OH US"
1630,CITY:MX000005,"Chihuahua, MX"
1631,CITY:US060005,"Chico, CA US"
1632,CITY:PE000007,"Chiclayo, PE"
1633,CITY:US400005,"Chickasha, OK US"
1634,CITY:US170006,"Chicago, IL US"
1635,CITY:TH000005,"Chiang Mai, TH"
1636,CITY:US560002,"Cheyenne, WY US"
1637,CITY:MX000004,"Chetumal, MX"
1638,CITY:US420006,"Chester, PA US"
1639,CITY:US510006,"Chesapeake, VA US"
1640,CITY:UP000003,"Chernivtsi, UP"
1641,CITY:UP000002,"Chernihiv, UP"
1642,CITY:UP000001,"Cherkasy, UP"
1643,CITY:IN000009,"Chennai, IN"
1644,CITY:CH000006,"Chengdu, CH"
1645,CITY:RS000009,"Chelyabinsk, RS"
1646,CITY:KS000003,"Cheju, KS"
1647,CITY:US470002,"Chattanooga, TN US"
1648,CITY:US510005,"Charlottesville, VA US"
1649,CITY:US370005,"Charlotte, NC US"
1650,CITY:US540003,"Charleston, WV US"
1651,CITY:US450001,"Charleston, SC US"
1652,CITY:US170005,"Charleston, IL US"
1653,CITY:TH000004,"Chanthaburi, TH"
1654,CITY:CH000005,"Changsha, CH"
1655,CITY:CH000004,"Changchun, CH"
1656,CITY:TH000003,"Chang Rai, TH"
1657,CITY:IN000008,"Chandigarh, IN"
1658,CITY:US170004,"Champaign, IL US"
1659,CITY:US420005,"Chambersburg, PA US"
1660,CITY:KS000002,"Ch'ungju, KS"
1661,CITY:KS000001,"Ch'unch'on, KS"
1662,CITY:SP000003,"Ceuta, SP"
1663,CITY:US510004,"Centreville, VA US"
1664,CITY:US530006,"Centralia, WA US"
1665,CITY:US190005,"Cedar Rapids, IA US"
1666,CITY:US190004,"Cedar Falls, IA US"
1667,CITY:US490002,"Cedar City, UT US"
1668,CITY:RS000008,"Ceboksary, RS"
1669,CITY:FG000001,"Cayenne, FG"
1670,CITY:AR000003,"Catamarca, AR"
1671,CITY:US560001,"Casper, WY US"
1672,CITY:MO000002,"Casablanca, MO"
1673,CITY:US040002,"Casa Grande, AZ US"
1674,CITY:CO000007,"Cartagena, CO"
1675,CITY:US320002,"Carson City, NV US"
1676,CITY:US130008,"Carrollton, GA US"
1677,CITY:US190003,"Carroll, IA US"
1678,CITY:US350003,"Carlsbad, NM US"
1679,CITY:US170003,"Carbondale, IL US"
1680,CITY:VE000003,"Caracas, VE"
1681,CITY:SF000003,"Cape Town, SF"
1682,CITY:US290001,"Cape Girardeau, MO US"
1683,CITY:US120005,"Cape Coral, FL US"
1684,CITY:US390007,"Canton, OH US"
1685,CITY:US080002,"Canon City, CO US"
1686,CITY:TU000015,"Cankiri, TU"
1687,CITY:AS000004,"Canberra, AS"
1688,CITY:TU000014,"Canakkale, TU"
1689,CITY:VM000004,"Can Tho, VM"
1690,CITY:IT000006,"Campobasso, IT"
1691,CITY:BR000006,"Campo Grande, BR"
1692,CITY:MX000003,"Campeche, MX"
1693,CITY:US210002,"Campbellsville, KY US"
1694,CITY:US050003,"Camden, AR US"
1695,CITY:US390006,"Cambridge, OH US"
1696,CITY:US240003,"Cambridge, MD US"
1697,CITY:CU000001,"Camaguey, CU"
1698,CITY:PE000005,"Callao, PE"
1699,CITY:CO000006,"Cali, CO"
1700,CITY:CA000001,"Calgary, CA"
1701,CITY:RO000011,"Calarasi, RO"
1702,CITY:PE000004,"Cajamarca, PE"
1703,CITY:EG000005,"Cairo, EG"
1704,CITY:AS000003,"Cairns, AS"
1705,CITY:IT000005,"Cagliari, IT"
1706,CITY:FR000006,"Caen, FR"
1707,CITY:US260005,"Cadillac, MI US"
1708,CITY:RO000010,"Buzau, RO"
1709,CITY:US300003,"Butte, MT US"
1710,CITY:TU000013,"Bursa, TU"
1711,CITY:US500001,"Burlington, VT US"
1712,CITY:US370004,"Burlington, NC US"
1713,CITY:US190002,"Burlington, IA US"
1714,CITY:TU000012,"Burdur, TU"
1715,CITY:VM000003,"Buon Me Thuot, VM"
1716,CITY:US040001,"Bullhead City, AZ US"
1717,CITY:ZI000001,"Bulawayo, ZI"
1718,CITY:TZ000002,"Bukoba, TZ"
1719,CITY:UZ000002,"Bukhara, UZ"
1720,CITY:BY000001,"Bujumbura, BY"
1721,CITY:US360006,"Buffalo, NY US"
1722,CITY:US270004,"Buffalo, MN US"
1723,CITY:AR000002,"Buenos Aires, AR"
1724,CITY:HU000002,"Budapest, HU"
1725,CITY:RO000009,"Bucharest, RO"
1726,CITY:CO000005,"Bucaramanga, CO"
1727,CITY:US480011,"Bryan, TX US"
1728,CITY:BE000002,"Brussels, BE"
1729,CITY:US130007,"Brunswick, GA US"
1730,CITY:US480010,"Brownsville, TX US"
1731,CITY:US360005,"Brooklyn, NY US"
1732,CITY:US460002,"Brookings, SD US"
1733,CITY:US250003,"Brockton, MA US"
1734,CITY:EZ000001,"Brno, EZ"
1735,CITY:US470001,"Bristol, TN US"
1736,CITY:AS000002,"Brisbane, AS"
1737,CITY:GA000001,"Brikama, GA"
1738,CITY:US490001,"Brigham City, UT US"
1739,CITY:BB000001,"Bridgetown, BB"
1740,CITY:US090001,"Bridgeport, CT US"
1741,CITY:FR000005,"Brest, FR"
1742,CITY:BO000001,"Brest, BO"
1743,CITY:US360004,"Brentwood, NY US"
1744,CITY:US480009,"Brenham, TX US"
1745,CITY:US530005,"Bremerton, WA US"
1746,CITY:GM000004,"Bremerhaven, GM"
1747,CITY:GM000003,"Bremen, GM"
1748,CITY:CF000001,"Brazzaville, CF"
1749,CITY:BR000005,"Brasilia, BR"
1750,CITY:US270003,"Brainerd, MN US"
1751,CITY:RO000007,"Braila, RO"
1752,CITY:PO000002,"Braga, PO"
1753,CITY:US120004,"Bradenton, FL US"
1754,CITY:US300002,"Bozeman, MT US"
1755,CITY:US120003,"Boynton Beach, FL US"
1756,CITY:US390005,"Bowling Green, OH US"
1757,CITY:US210001,"Bowling Green, KY US"
1758,CITY:US080001,"Boulder, CO US"
1759,CITY:US320001,"Boulder City, NV US"
1760,CITY:IV000007,"Bouake, IV"
1761,CITY:RO000006,"Botosani, RO"
1762,CITY:US250002,"Boston, MA US"
1763,CITY:US370003,"Boone, NC US"
1764,CITY:GM000002,"Bonn, GM"
1765,CITY:IV000005,"Bondoukou, IV"
1766,CITY:TU000011,"Bolu, TU"
1767,CITY:IT000004,"Bologna, IT"
1768,CITY:US160001,"Boise, ID US"
1769,CITY:CO000004,"Bogota, CO"
1770,CITY:US220004,"Bogalusa, LA US"
1771,CITY:US120002,"Boca Raton, FL US"
1772,CITY:UV000002,"Bobo Dioulasso, UV"
1773,CITY:BR000004,"Boa Vista, BR"
1774,CITY:US050002,"Blytheville, AR US"
1775,CITY:US060004,"Blythe, CA US"
1776,CITY:US540002,"Bluefield, WV US"
1777,CITY:US420004,"Bloomsburg, PA US"
1778,CITY:US180001,"Bloomington, IN US"
1779,CITY:US170002,"Bloomington, IL US"
1780,CITY:SF000002,"Bloemfontein, SF"
1781,CITY:MI000001,"Blantyre, MI"
1782,CITY:RS000007,"Blagoveshchensk, RS"
1783,CITY:US510003,"Blacksburg, VA US"
1784,CITY:TS000002,"Bizerte, TS"
1785,CITY:RO000005,"Bistrita, RO"
1786,CITY:PU000001,"Bissau, PU"
1787,CITY:US380001,"Bismarck, ND US"
1788,CITY:SF000001,"Bisho, SF"
1789,CITY:KG000001,"Bishkek, KG"
1790,CITY:RS000006,"Birobidzhan, RS"
1791,CITY:UK000002,"Birmingham, UK"
1792,CITY:US010004,"Birmingham, AL US"
1793,CITY:NP000002,"Biratnagar, NP"
1794,CITY:TU000010,"Bingol, TU"
1795,CITY:US360003,"Binghamton, NY US"
1796,CITY:US280001,"Biloxi, MS US"
1797,CITY:US300001,"Billings, MT US"
1798,CITY:SP000002,"Bilbao, SP"
1799,CITY:US260004,"Big Rapids, MI US"
1800,CITY:VM000002,"Bien Hoa, VM"
1801,CITY:PL000002,"Bialystok, PL"
1802,CITY:IN000007,"Bhubaneshwar, IN"
1803,CITY:IN000006,"Bhopal, IN"
1804,CITY:NP000001,"Bhairawa, NP"
1805,CITY:US420003,"Bethlehem, PA US"
1806,CITY:FR000003,"Besancon, FR"
1807,CITY:CM000003,"Bertoua, CM"
1808,CITY:US330001,"Berlin, NH US"
1809,CITY:GM000001,"Berlin, GM"
1810,CITY:NO000001,"Bergen, NO"
1811,CITY:CT000002,"Berberati, CT"
1812,CITY:US260003,"Benton Harbor, MI US"
1813,CITY:ID000006,"Bengkulu, ID"
1814,CITY:LY000003,"Benghazi, LY"
1815,CITY:US410001,"Bend, OR US"
1816,CITY:US270002,"Bemidji, MN US"
1817,CITY:BR000003,"Belo Horizonte, BR"
1818,CITY:US530004,"Bellingham, WA US"
1819,CITY:US530003,"Bellevue, WA US"
1820,CITY:US120001,"Belle Glade, FL US"
1821,CITY:BH000001,"Belize, BH"
1822,CITY:RB000001,"Belgrade, RB"
1823,CITY:RS000005,"Belgorod, RS"
1824,CITY:UK000001,"Belfast, UK"
1825,CITY:BR000002,"Belem, BR"
1826,CITY:AG000005,"Bejaia, AG"
1827,CITY:LE000001,"Beirut, LE"
1828,CITY:MZ000001,"Beira, MZ"
1829,CITY:CH000003,"Beijing, CH"
1830,CITY:US480008,"Beeville, TX US"
1831,CITY:IS000001,"Beersheba, IS"
1832,CITY:US540001,"Beckley, WV US"
1833,CITY:AG000004,"Bechar, AG"
1834,CITY:US480007,"Beaumont, TX US"
1835,CITY:US310001,"Beatrice, NE US"
1836,CITY:US480006,"Bay City, TX US"
1837,CITY:US220003,"Baton Rouge, LA US"
1838,CITY:AG000003,"Batna, AG"
1839,CITY:EK000001,"Bata, EK"
1840,CITY:GG000001,"Bat'umi, GG"
1841,CITY:US220002,"Bastrop, LA US"
1842,CITY:SZ000001,"Basel, SZ"
1843,CITY:US400004,"Bartlesville, OK US"
1844,CITY:US060003,"Barstow, CA US"
1845,CITY:CO000003,"Barranquilla, CO"
1846,CITY:VE000002,"Barquisimeto, VE"
1847,CITY:US250001,"Barnstable Town, MA US"
1848,CITY:RS000004,"Barnaul, RS"
1849,CITY:BG000001,"Barisal, BG"
1850,CITY:VE000001,"Barcelona, VE"
1851,CITY:SP000001,"Barcelona, SP"
1852,CITY:LO000001,"Banska Bystrica, LO"
1853,CITY:CT000001,"Bangui, CT"
1854,CITY:US230002,"Bangor, ME US"
1855,CITY:TH000001,"Bangkok, TH"
1856,CITY:IN000005,"Bangalore, IN"
1857,CITY:CG000001,"Bandundu, CG"
1858,CITY:ID000004,"Bandjermasin, ID"
1859,CITY:BX000001,"Bandar Seri Begawan, BX"
1860,CITY:ID000003,"Banda Aceh, ID"
1861,CITY:ML000001,"Bamako, ML"
1862,CITY:US240002,"Baltimore, MD US"
1863,CITY:ID000002,"Balikpapan, ID"
1864,CITY:TU000009,"Balikesir, TU"
1865,CITY:AJ000001,"Baku, AJ"
1866,CITY:US060002,"Bakersfield, CA US"
1867,CITY:US130006,"Bainbridge, GA US"
1868,CITY:RO000004,"Baia Mare, RO"
1869,CITY:AR000001,"Bahia Blanca, AR"
1870,CITY:RO000003,"Bacau, RO"
1871,CITY:EC000002,"Babahoyo, EC"
1872,CITY:JO000004,"Az Zarqa', JO"
1873,CITY:TU000008,"Aydin, TU"
1874,CITY:PE000003,"Ayacucho, PE"
1875,CITY:ET000003,"Awasa, ET"
1876,CITY:PO000001,"Aveiro, PO"
1877,CITY:US480005,"Austin, TX US"
1878,CITY:US270001,"Austin, MN US"
1879,CITY:US170001,"Aurora, IL US"
1880,CITY:US230001,"Augusta, ME US"
1881,CITY:US130005,"Augusta, GA US"
1882,CITY:NZ000001,"Auckland, NZ"
1883,CITY:US010003,"Auburn, AL US"
1884,CITY:KZ000004,"Atyrau, KZ"
1885,CITY:US130004,"Atlanta, GA US"
1886,CITY:US480004,"Athens, TX US"
1887,CITY:US390004,"Athens, OH US"
1888,CITY:GR000001,"Athens, GR"
1889,CITY:US130003,"Athens, GA US"
1890,CITY:EG000003,"Aswan, EG"
1891,CITY:PA000001,"Asuncion, PA"
1892,CITY:RS000003,"Astrakhan, RS"
1893,CITY:KZ000003,"Astana, KZ"
1894,CITY:NL000004,"Assen, NL"
1895,CITY:ER000001,"Asmara, ER"
1896,CITY:US390003,"Ashtabula, OH US"
1897,CITY:US390002,"Ashland, OH US"
1898,CITY:TX000001,"Ashgabat, TX"
1899,CITY:US370002,"Asheville, NC US"
1900,CITY:US370001,"Asheboro, NC US"
1901,CITY:TZ000001,"Arusha, TZ"
1902,CITY:UG000001,"Arua, UG"
1903,CITY:NL000003,"Arnhem, NL"
1904,CITY:CO000002,"Armenia, CO"
1905,CITY:US510002,"Arlington, VA US"
1906,CITY:US480003,"Arlington, TX US"
1907,CITY:RS000002,"Arkangel'sk, RS"
1908,CITY:US050001,"Arkadelphia, AR US"
1909,CITY:PE000002,"Arequipa, PE"
1910,CITY:US400003,"Ardmore, OK US"
1911,CITY:ET000002,"Arba Minch, ET"
1912,CITY:CO000001,"Arauca, CO"
1913,CITY:IR000002,"Arak, IR"
1914,CITY:RO000002,"Arad, RO"
1915,CITY:BR000001,"Aracaju, BR"
1916,CITY:JA000001,"Aomori, JA"
1917,CITY:MA000002,"Antsiranana, MA"
1918,CITY:CI000001,"Antofagasta, CI"
1919,CITY:MA000001,"Antananarivo, MA"
1920,CITY:TU000006,"Antalya, TU"
1921,CITY:US010002,"Anniston, AL US"
1922,CITY:US240001,"Annapolis, MD US"
1923,CITY:AG000002,"Annaba, AG"
1924,CITY:US260002,"Ann Arbor, MI US"
1925,CITY:TU000005,"Ankara, TU"
1926,CITY:UZ000001,"Andizhan, UZ"
1927,CITY:US020001,"Anchorage, AK US"
1928,CITY:US060001,"Anaheim, CA US"
1929,CITY:US530002,"Anacortes, WA US"
1930,CITY:US360002,"Amsterdam, NY US"
1931,CITY:NL000002,"Amsterdam, NL"
1932,CITY:IN000004,"Amritsar, IN"
1933,CITY:FR000002,"Amiens, FR"
1934,CITY:US190001,"Ames, IA US"
1935,CITY:US130002,"Americus, GA US"
1936,CITY:ID000001,"Ambon, ID"
1937,CITY:US480002,"Amarillo, TX US"
1938,CITY:US400002,"Altus, OK US"
1939,CITY:US420002,"Altoona, PA US"
1940,CITY:US260001,"Alpena, MI US"
1941,CITY:KZ000002,"Almaty, KZ"
1942,CITY:US420001,"Allentown, PA US"
1943,CITY:AG000001,"Algiers, AG"
1944,CITY:US510001,"Alexandria, VA US"
1945,CITY:US220001,"Alexandria, LA US"
1946,CITY:EG000002,"Alexandria, EG"
1947,CITY:US010001,"Alexander City, AL US"
1948,CITY:SY000001,"Aleppo, SY"
1949,CITY:US350002,"Albuquerque, NM US"
1950,CITY:DA000001,"Alborg, DA"
1951,CITY:US360001,"Albany, NY US"
1952,CITY:US130001,"Albany, GA US"
1953,CITY:US350001,"Alamogordo, NM US"
1954,CITY:BA000001,"Al-Muharraq, BA"
1955,CITY:JO000001,"Al Mafraq, JO"
1956,CITY:LY000002,"Al Khums, LY"
1957,CITY:EG000001,"Al Ghurdaqah, EG"
1958,CITY:IZ000003,"Al Basrah, IZ"
1959,CITY:KZ000001,"Aktyubinsk, KZ"
1960,CITY:US390001,"Akron, OH US"
1961,CITY:AE000002,"Ajman, AE"
1962,CITY:LY000001,"Ajdabiya, LY"
1963,CITY:FR000001,"Ajaccio, FR"
1964,CITY:IN000003,"Aizawl, IN"
1965,CITY:TU000003,"Aintab, TU"
1966,CITY:IR000001,"Ahvaz, IR"
1967,CITY:IN000002,"Ahmadabad, IN"
1968,CITY:MX000002,"Aguascalientes, MX"
1969,CITY:TU000002,"Agri, TU"
1970,CITY:IN000001,"Agartala, IN"
1971,CITY:TU000001,"Adiyaman, TU"
1972,CITY:AS000001,"Adelaide, AS"
1973,CITY:ET000001,"Addis Ababa, ET"
1974,CITY:US400001,"Ada, OK US"
1975,CITY:GH000001,"Accra, GH"
1976,CITY:MX000001,"Acapulco, MX"
1977,CITY:AE000001,"Abu Dhabi, AE"
1978,CITY:BN000001,"Abomey, BN"
1979,CITY:US480001,"Abilene, TX US"
1980,CITY:IV000002,"Abidjan, IV"
1981,CITY:SA000001,"Abha, SA"
1982,CITY:US530001,"Aberdeen, WA US"
1983,CITY:US460001,"Aberdeen, SD US"
1984,CITY:CD000001,"Abeche, CD"
1985,CITY:RS000001,"Abakan, RS"
1986,CITY:NL000001,"'s-Hertogenbosch, NL"
